date,latitude,longitude,state,rain_1d,rain_3d,rain_7d,rain_30d,soil_moisture,soil_moisture_anomaly,elevation,slope,aspect,curvature,temporal_split,landslide
2021-04-12,27.1095,88.3351,Sikkim,0.9,5.7,16.1,51.2,0.192,-0.242,345,12.7,133.6,0.004,train,0
2021-07-14,26.0125,93.4215,Assam,156.3,300.1,305.5,810.3,0.535,0.322,359,16.9,107.4,0.026,train,1
2022-01-18,29.9348,78.1448,Uttarakhand,1.9,4.0,4.5,9.0,0.168,-0.331,336,4.0,173.0,0.0037,validation,0
2022-05-15,25.1852,93.0251,Assam,153.7,246.9,390.0,733.6,0.567,0.336,797,23.9,150.1,0.027,validation,1
2016-01-25,24.2017,92.4957,Mizoram,0.4,3.7,7.7,7.8,0.18,-0.157,127,7.7,275.9,0.0033,train,0
2016-01-25,29.1834,78.9284,Uttarakhand,1.5,5.2,5.4,54.9,0.105,-0.215,233,3.8,257.1,0.0121,train,0
2024-03-15,30.2826,78.0403,Uttarakhand,0.4,1.9,3.9,11.8,0.172,-0.276,648,5.6,238.9,0.0175,test,0
2020-08-19,27.2882,88.2454,Sikkim,147.4,256.5,320.1,703.3,0.537,0.245,2260,43.7,7.5,-0.0241,train,1
2014-04-18,32.0891,76.2938,Himachal Pradesh,6.5,7.0,12.4,21.0,0.197,-0.139,754,7.2,149.3,-0.0091,train,0
2022-11-15,30.2926,77.9941,Uttarakhand,0.3,2.9,6.2,46.4,0.182,-0.265,632,5.3,212.5,-0.0093,validation,0
2021-04-12,25.9397,93.6902,Nagaland,0.5,1.2,2.8,45.8,0.147,-0.233,163,3.1,175.4,-0.0028,train,0
2014-04-18,28.0486,95.2891,Arunachal Pradesh,2.0,7.4,15.5,18.3,0.175,-0.158,167,7.1,304.5,0.0045,train,0
2022-01-18,31.2996,76.7726,Himachal Pradesh,0.1,1.3,12.5,12.9,0.181,-0.28,595,8.3,226.4,0.0151,validation,0
2020-07-15,26.1025,94.2651,Nagaland,149.4,255.6,451.8,1133.4,0.59,0.269,1896,24.3,307.3,0.0195,train,1
2025-01-15,29.2115,78.9583,Uttarakhand,0.0,1.3,4.2,13.4,0.158,-0.217,228,3.5,292.7,0.0087,test,0
2025-01-15,31.3142,76.733,Himachal Pradesh,0.9,2.2,7.5,9.0,0.197,-0.103,624,7.8,111.4,0.0126,test,0
2017-08-13,31.8542,76.9214,Himachal Pradesh,162.3,348.9,348.9,924.5,0.554,0.307,2329,28.5,32.4,0.0142,train,1
2024-09-10,26.2112,91.7507,Assam,27.4,32.8,67.8,155.6,0.223,-0.006,73,2.2,192.7,-0.0114,test,0
2022-06-25,31.4376,76.257,Himachal Pradesh,33.1,51.0,92.1,206.5,0.271,0.115,397,4.3,179.0,-0.008,validation,0
2023-08-14,31.1092,77.1354,Himachal Pradesh,144.4,246.2,328.6,855.2,0.539,0.323,2145,35.0,46.0,-0.0058,validation,1
2024-03-15,25.9017,93.7271,Nagaland,0.4,2.3,8.8,33.8,0.175,-0.206,170,5.1,272.5,-0.0178,test,0
2024-01-22,30.3459,78.0398,Uttarakhand,1.4,4.7,5.9,50.1,0.142,-0.254,645,4.3,59.9,0.0095,test,0
2012-03-15,31.458,76.3061,Himachal Pradesh,2.0,4.7,5.7,8.8,0.106,-0.133,379,5.6,7.4,0.0188,train,0
2022-06-25,29.971,78.1518,Uttarakhand,24.4,52.0,78.0,213.4,0.332,0.062,336,5.1,255.0,0.0135,validation,0
2023-04-05,24.2235,92.547,Mizoram,2.4,6.2,11.6,12.6,0.145,-0.181,133,8.6,339.0,-0.0133,validation,0
2017-07-12,31.4717,76.2448,Himachal Pradesh,34.0,70.0,136.4,273.8,0.304,0.107,353,4.1,16.3,-0.007,train,0
2023-04-05,23.8122,91.2941,Tripura,0.5,4.3,12.8,14.7,0.151,-0.223,43,4.3,297.9,0.0079,validation,0
2024-03-15,24.7854,93.9138,Manipur,1.1,3.9,5.6,6.7,0.139,-0.291,770,5.1,221.9,0.0023,test,0
2016-01-25,31.4524,76.2378,Himachal Pradesh,1.7,3.4,4.2,16.5,0.103,-0.123,361,5.5,112.2,0.0008,train,0
2024-01-22,28.0528,95.3177,Arunachal Pradesh,0.0,1.1,7.3,73.1,0.185,-0.344,179,7.1,280.9,-0.0017,test,0
2024-03-15,26.3318,92.6461,Assam,0.0,5.3,7.2,20.3,0.13,-0.115,54,2.4,314.2,0.0137,test,0
2021-07-25,31.4331,78.2754,Himachal Pradesh,87.3,148.0,216.5,402.4,0.472,0.209,2213,30.0,345.3,0.0073,train,1
2022-01-18,24.7985,93.9255,Manipur,3.4,6.7,16.0,26.9,0.163,-0.288,795,3.5,159.3,0.006,validation,0
2023-02-10,28.0544,95.2926,Arunachal Pradesh,0.2,2.4,4.3,36.8,0.101,-0.255,151,4.9,44.8,-0.0035,validation,0
2021-08-18,25.8214,93.7541,Nagaland,152.3,333.1,333.1,914.4,0.544,0.309,1378,24.2,35.0,-0.0337,train,1
2019-02-14,29.9679,78.1312,Uttarakhand,0.8,7.1,24.5,35.8,0.161,-0.308,343,3.2,339.4,0.006,train,0
2021-07-19,30.7291,78.4354,Uttarakhand,188.7,315.4,322.7,686.8,0.555,0.263,1813,30.5,356.4,0.0182,train,1
2024-09-10,25.8808,93.7144,Nagaland,16.2,54.4,71.6,189.8,0.294,-0.001,149,3.5,214.6,-0.0026,test,0
2021-04-12,31.4463,76.2362,Himachal Pradesh,0.5,1.0,16.9,46.6,0.163,-0.132,389,4.1,321.3,0.0016,train,0
2016-01-25,30.3165,78.0409,Uttarakhand,0.0,6.2,22.3,37.3,0.17,-0.119,655,4.7,207.5,0.0043,train,0
2018-05-10,30.3233,78.0239,Uttarakhand,0.1,1.3,11.0,11.1,0.133,-0.25,646,7.0,124.7,-0.0061,train,0
2024-01-22,29.9657,78.126,Uttarakhand,0.0,1.2,5.2,31.7,0.168,-0.239,307,5.5,153.4,-0.0019,test,0
2024-03-15,31.4765,76.2307,Himachal Pradesh,0.2,3.5,3.5,6.7,0.155,-0.177,381,4.2,256.4,-0.0105,test,0
2022-06-25,32.1016,76.2484,Himachal Pradesh,10.9,31.0,42.2,110.8,0.25,0.006,718,8.5,213.7,0.0072,validation,0
2020-07-22,27.5251,93.8214,Arunachal Pradesh,103.8,201.8,206.4,537.0,0.474,0.256,1544,43.6,313.8,0.0165,train,1
2022-06-25,24.8519,93.9011,Manipur,29.2,45.9,82.5,115.1,0.262,0.035,762,3.7,333.8,-0.0158,validation,0
2024-03-15,25.9083,90.1573,Meghalaya,0.2,1.0,1.1,12.5,0.13,-0.2,89,5.9,267.5,-0.0181,test,0
2024-06-20,28.1043,95.3316,Arunachal Pradesh,33.8,41.8,73.7,130.7,0.247,-0.026,166,7.1,208.2,-0.0141,test,0
2021-04-12,26.1822,91.6968,Assam,1.2,10.7,11.9,33.0,0.12,-0.216,39,3.2,272.2,-0.0061,train,0
2015-11-20,29.1961,78.9614,Uttarakhand,0.1,1.4,1.6,3.1,0.14,-0.317,226,3.3,288.2,-0.012,train,0
2014-04-18,24.2171,92.5113,Mizoram,0.1,6.4,9.4,23.4,0.197,-0.333,132,7.7,135.2,0.0122,train,0
2022-06-25,26.3251,94.5214,Nagaland,104.8,198.4,237.2,542.1,0.487,0.271,1396,36.3,338.7,-0.0264,validation,1
2021-10-19,29.3921,79.4542,Uttarakhand,147.9,273.8,273.8,563.8,0.519,0.254,1976,28.2,312.5,-0.0121,train,1
2022-07-10,27.3315,88.6142,Sikkim,123.2,252.3,281.3,668.5,0.512,0.263,1900,30.8,166.0,-0.0003,validation,1
2024-09-10,31.3424,76.7737,Himachal Pradesh,17.0,47.1,92.2,230.3,0.226,-0.002,637,8.9,164.0,0.0048,test,0
2024-06-20,27.122,88.3505,Sikkim,18.0,57.5,102.8,177.8,0.26,-0.015,368,12.2,184.1,-0.0003,test,0
2012-03-15,31.3601,76.7434,Himachal Pradesh,0.3,2.7,19.2,40.6,0.157,-0.326,620,9.2,50.4,0.0007,train,0
2024-08-21,23.2985,91.5621,Tripura,97.2,157.7,222.6,573.9,0.478,0.302,690,28.0,343.5,-0.0324,test,1
2023-10-04,27.6921,88.5842,Sikkim,105.6,216.0,290.2,694.1,0.508,0.378,2651,43.8,213.6,0.0314,validation,1
2017-07-12,26.1733,91.7109,Assam,27.8,43.8,103.2,184.0,0.313,-0.034,66,3.2,211.2,-0.0133,train,0
2020-03-22,29.9846,78.1379,Uttarakhand,0.8,5.1,12.2,15.2,0.182,-0.294,305,4.1,213.5,0.0032,train,0
2021-04-12,25.9307,90.1674,Meghalaya,1.5,2.0,14.8,24.8,0.116,-0.347,102,6.6,259.0,0.0156,train,0
2023-02-10,23.8513,91.2775,Tripura,1.3,4.5,5.0,19.2,0.171,-0.308,64,3.3,342.8,-0.0183,validation,0
2016-01-25,27.1595,88.3038,Sikkim,0.1,3.0,3.7,11.3,0.151,-0.131,354,13.1,357.4,-0.0147,train,0
2022-01-18,23.8527,91.2984,Tripura,0.2,6.5,11.1,17.1,0.143,-0.341,31,3.8,0.0,-0.0033,validation,0
2023-08-24,31.4251,77.4285,Himachal Pradesh,133.8,274.8,394.8,889.7,0.561,0.214,1814,43.4,224.1,-0.0071,validation,1
2023-08-04,26.1721,91.7582,Assam,151.4,256.0,375.3,844.9,0.561,0.373,581,21.7,333.5,0.0332,validation,1
2024-06-20,23.8485,91.315,Tripura,7.9,44.9,88.1,165.7,0.238,0.097,32,2.4,104.4,0.0149,test,0
2014-04-18,25.8828,93.7517,Nagaland,0.2,1.5,13.5,16.5,0.108,-0.229,140,4.3,289.4,-0.0145,train,0
2024-09-10,30.3343,78.0316,Uttarakhand,24.7,47.1,71.9,200.2,0.332,0.068,633,6.0,130.0,-0.0163,test,0
2022-06-25,24.1643,92.4982,Mizoram,15.6,25.8,37.1,110.4,0.33,0.046,115,9.5,83.5,-0.0194,validation,0
2018-05-10,31.4591,76.2517,Himachal Pradesh,2.6,3.9,5.9,20.0,0.114,-0.149,352,6.5,278.0,-0.0121,train,0
2024-01-22,31.357,76.7938,Himachal Pradesh,6.4,10.6,13.4,15.0,0.178,-0.21,611,8.9,40.0,-0.0003,test,0
2023-07-10,31.6704,77.0502,Himachal Pradesh,157.0,279.5,283.9,743.9,0.526,0.182,2061,34.1,349.2,0.002,validation,1
2021-02-07,30.3854,79.7281,Uttarakhand,107.1,234.7,237.5,574.4,0.488,0.201,1817,28.2,117.2,-0.0079,train,1
2025-01-15,31.5032,76.3063,Himachal Pradesh,3.7,5.1,5.2,52.6,0.143,-0.108,397,6.1,106.0,-0.0046,test,0
2023-04-05,31.3553,76.7812,Himachal Pradesh,0.1,2.1,2.5,16.9,0.144,-0.128,607,6.6,51.5,0.0105,validation,0
2023-04-05,25.9043,90.1891,Meghalaya,3.1,7.5,16.8,36.5,0.126,-0.123,108,6.7,40.0,-0.0021,validation,0
2024-05-29,25.1524,93.9782,Manipur,122.3,267.0,267.0,591.3,0.506,0.209,1087,32.7,344.9,0.0096,test,1
2024-06-20,26.3199,92.7082,Assam,17.1,41.4,59.4,99.1,0.322,0.034,63,3.3,275.6,-0.0136,test,0
2024-03-15,32.0794,76.2835,Himachal Pradesh,2.1,4.8,8.6,18.2,0.135,-0.118,754,8.7,44.7,0.0092,test,0
2019-08-05,31.3604,76.7743,Himachal Pradesh,17.6,26.5,66.0,152.8,0.244,0.024,609,8.0,228.6,-0.0182,train,0
2018-05-10,24.2177,92.5557,Mizoram,1.4,4.6,17.8,33.4,0.163,-0.311,123,9.6,97.5,-0.0119,train,0
2019-08-05,26.376,92.6957,Assam,11.4,49.0,110.7,242.3,0.349,-0.007,79,2.5,303.1,0.0091,train,0
2016-01-25,32.1353,76.2775,Himachal Pradesh,0.4,3.7,9.5,17.5,0.111,-0.182,739,8.1,187.3,0.0141,train,0
2015-11-20,26.3103,92.6855,Assam,0.2,4.2,8.5,29.0,0.104,-0.329,77,1.3,25.7,-0.0195,train,0
2022-11-15,26.1893,91.7164,Assam,0.8,2.6,8.1,21.2,0.192,-0.226,84,4.4,75.1,0.0172,validation,0
2021-04-12,32.1092,76.2355,Himachal Pradesh,3.1,10.7,11.1,16.9,0.181,-0.163,722,6.4,133.4,-0.0006,train,0
2023-04-05,26.3499,92.6923,Assam,1.7,6.6,8.5,39.9,0.15,-0.331,44,2.1,282.6,0.0083,validation,0
2023-08-10,24.185,92.5503,Mizoram,25.0,55.9,82.4,131.1,0.309,0.052,108,9.6,163.9,0.0067,validation,0
2019-02-14,25.9178,90.1444,Meghalaya,2.2,12.2,13.6,26.9,0.129,-0.152,103,6.9,287.2,-0.0042,train,0
2024-09-10,23.8448,91.3097,Tripura,10.3,40.3,84.6,214.5,0.347,-0.048,58,1.7,197.6,-0.0085,test,0
2015-11-20,31.4645,76.2928,Himachal Pradesh,0.3,2.5,7.9,8.8,0.161,-0.307,352,6.3,347.6,0.0123,train,0
2023-08-10,29.2476,78.9275,Uttarakhand,24.2,47.0,109.1,160.4,0.317,0.092,245,3.2,179.0,0.0047,validation,0
2019-02-14,23.8372,91.2746,Tripura,2.3,3.2,8.2,16.2,0.166,-0.29,34,4.3,36.6,0.0002,train,0
2013-06-16,30.7342,79.0665,Uttarakhand,190.1,349.5,446.7,1109.9,0.605,0.371,1987,37.7,96.3,0.0156,train,1
2021-07-28,23.4751,93.3284,Mizoram,146.2,241.7,277.1,690.1,0.519,0.184,1069,35.5,259.2,-0.0353,train,1
2021-04-12,30.3081,78.0368,Uttarakhand,0.3,0.9,12.8,65.4,0.137,-0.282,652,5.4,9.1,-0.0138,train,0
2023-07-09,32.2685,77.1894,Himachal Pradesh,161.6,342.9,342.9,630.6,0.552,0.343,1599,28.1,329.5,0.0117,validation,1
2023-01-05,30.5582,79.5651,Uttarakhand,115.8,220.0,293.9,796.7,0.514,0.19,2095,36.7,359.6,-0.0034,validation,1
2012-03-15,27.104,88.313,Sikkim,0.2,1.7,5.7,24.7,0.195,-0.2,367,12.5,228.3,-0.0172,train,0
2012-03-15,25.9434,93.7222,Nagaland,0.5,5.3,7.7,14.1,0.123,-0.318,137,3.7,242.6,-0.0175,train,0
2022-11-15,24.8382,93.9288,Manipur,1.6,2.5,3.5,6.6,0.107,-0.304,793,4.8,293.1,0.0074,validation,0
2012-03-15,24.7815,93.9259,Manipur,4.3,7.4,14.1,32.1,0.12,-0.245,797,2.5,100.0,-0.0089,train,0
2024-06-20,29.9386,78.1751,Uttarakhand,15.1,31.1,100.1,179.2,0.345,-0.011,304,2.6,234.6,-0.0053,test,0
2012-03-15,28.0804,95.2988,Arunachal Pradesh,0.5,1.8,11.6,17.5,0.121,-0.111,135,7.8,243.7,0.0131,train,0
2019-08-05,25.896,93.7508,Nagaland,14.1,22.6,66.0,197.4,0.331,-0.02,158,3.3,78.6,0.015,train,0
2020-03-22,28.0538,95.3096,Arunachal Pradesh,2.8,3.9,13.2,53.2,0.143,-0.123,153,7.7,32.1,0.0075,train,0
2021-08-05,25.2651,94.0214,Manipur,87.7,141.5,241.0,571.5,0.481,0.299,1456,37.0,62.4,-0.0035,train,1
2019-02-14,31.4284,76.2952,Himachal Pradesh,1.8,5.7,14.6,16.0,0.136,-0.321,392,5.4,119.1,-0.0175,train,0
2024-06-20,24.2155,92.5656,Mizoram,23.7,37.1,98.9,235.2,0.248,0.075,114,9.9,359.0,-0.0188,test,0
2024-01-22,32.0821,76.2755,Himachal Pradesh,0.3,2.3,6.9,7.9,0.134,-0.316,716,8.8,116.0,0.0124,test,0
2017-07-12,25.8562,90.1769,Meghalaya,8.6,23.9,43.8,113.4,0.326,0.038,85,7.6,316.6,0.0148,train,0
2022-01-18,26.1982,91.7556,Assam,3.9,4.7,7.8,10.8,0.199,-0.118,61,4.3,187.5,0.0049,validation,0
2023-08-10,31.3415,76.7261,Himachal Pradesh,4.8,37.8,52.2,180.8,0.319,-0.036,594,9.2,134.7,-0.0052,validation,0
2013-06-16,30.6551,79.0284,Uttarakhand,122.5,215.1,281.3,662.6,0.512,0.289,1763,29.8,338.1,0.0178,train,1
2021-04-12,28.0645,95.319,Arunachal Pradesh,1.5,5.2,5.2,8.5,0.171,-0.183,183,7.1,342.3,0.0081,train,0
2019-08-15,30.1254,78.5421,Uttarakhand,114.2,183.9,214.1,436.6,0.481,0.335,2002,34.2,169.4,-0.0251,train,1
2022-11-15,25.924,93.6959,Nagaland,1.4,2.4,3.5,12.1,0.18,-0.252,162,3.0,278.2,-0.0105,validation,0
2023-04-05,24.8532,93.9221,Manipur,0.7,2.8,19.8,57.4,0.11,-0.252,787,3.7,69.8,0.0144,validation,0
2022-01-18,27.1414,88.3271,Sikkim,0.7,1.2,4.6,7.4,0.189,-0.264,337,11.1,232.5,0.0055,validation,0
2016-01-25,28.0668,95.312,Arunachal Pradesh,0.1,2.2,11.7,33.8,0.105,-0.332,155,5.7,83.7,-0.0088,train,0
2019-02-14,25.8773,93.7327,Nagaland,0.3,1.3,2.8,6.4,0.183,-0.279,171,5.5,205.7,-0.0143,train,0
2023-04-05,30.31,77.9938,Uttarakhand,0.5,2.8,8.8,14.2,0.114,-0.141,669,5.8,61.8,-0.0091,validation,0
2023-08-10,29.9291,78.1807,Uttarakhand,4.2,32.5,63.3,167.8,0.226,0.098,342,5.4,269.9,-0.0148,validation,0
2022-11-15,25.9041,90.1637,Meghalaya,0.7,6.2,10.0,79.6,0.163,-0.318,108,6.0,247.1,-0.0172,validation,0
2024-01-22,25.8935,93.7538,Nagaland,4.1,4.7,7.5,55.0,0.106,-0.327,133,4.4,54.2,0.0187,test,0
2017-07-12,30.3099,78.0509,Uttarakhand,32.8,74.8,111.9,155.5,0.358,0.093,626,7.0,313.2,0.0008,train,0
2022-11-15,26.3312,92.6559,Assam,0.5,6.8,40.5,48.8,0.145,-0.169,86,2.9,140.9,-0.0035,validation,0
2016-01-25,25.8653,90.1897,Meghalaya,2.8,6.1,9.8,19.4,0.165,-0.214,78,6.5,290.3,-0.0016,train,0
2017-07-12,32.1032,76.2739,Himachal Pradesh,30.9,52.0,70.0,103.5,0.326,0.055,748,6.4,49.1,-0.0194,train,0
2015-11-20,28.0321,95.327,Arunachal Pradesh,0.1,1.7,4.8,6.0,0.135,-0.322,175,7.6,26.0,0.0182,train,0
2024-03-15,29.25,78.9239,Uttarakhand,5.7,7.3,19.6,47.1,0.157,-0.165,241,2.4,117.7,0.0067,test,0
2014-04-18,30.3034,78.0577,Uttarakhand,0.2,5.8,6.6,15.7,0.18,-0.313,631,6.4,259.2,0.0056,train,0
2012-03-15,29.925,78.1632,Uttarakhand,0.4,13.6,30.9,31.6,0.171,-0.119,303,4.2,329.6,-0.0186,train,0
2023-08-10,28.0667,95.3661,Arunachal Pradesh,6.1,11.8,68.0,194.9,0.237,-0.005,135,5.7,278.3,0.0007,validation,0
2023-06-25,27.3521,92.4182,Arunachal Pradesh,142.4,258.7,352.5,981.4,0.548,0.309,1458,39.6,70.0,0.007,validation,1
2025-01-15,27.1528,88.3434,Sikkim,0.1,6.5,10.1,23.0,0.163,-0.118,330,12.4,247.6,0.0089,test,0
2016-01-25,25.9027,93.745,Nagaland,1.3,4.6,13.6,49.3,0.131,-0.215,167,5.6,320.2,-0.0051,train,0
2022-11-15,23.8504,91.3139,Tripura,0.8,1.9,4.3,26.7,0.182,-0.305,43,4.2,290.4,0.0194,validation,0
2023-08-10,25.8885,93.7641,Nagaland,2.3,35.9,88.3,193.0,0.359,0.003,141,2.8,159.4,-0.0096,validation,0
2022-06-30,24.7852,93.6821,Manipur,153.3,253.1,382.5,1064.6,0.564,0.349,1732,36.6,111.1,-0.0077,validation,1
2024-03-15,31.2929,76.7555,Himachal Pradesh,0.1,0.5,1.3,20.2,0.175,-0.204,638,7.3,102.9,0.0147,test,0
2014-04-18,29.9608,78.1478,Uttarakhand,3.9,14.5,31.8,43.4,0.186,-0.139,309,5.0,13.3,0.0039,train,0
2024-01-22,24.7902,93.8962,Manipur,1.9,5.9,10.2,13.4,0.108,-0.345,768,4.9,87.0,-0.0058,test,0
2023-08-13,30.9854,77.0982,Himachal Pradesh,184.1,297.1,419.7,1056.8,0.592,0.294,2350,44.0,272.5,0.0247,validation,1
2025-01-15,24.8404,93.9015,Manipur,1.0,3.5,9.4,30.4,0.125,-0.348,796,3.8,301.0,0.0129,test,0
2017-07-12,27.107,88.3036,Sikkim,15.9,37.3,101.8,217.5,0.305,0.003,371,13.9,295.6,-0.0199,train,0
2021-07-12,32.2472,76.3531,Himachal Pradesh,169.5,300.0,394.2,730.3,0.575,0.24,2226,43.5,342.6,-0.0308,train,1
2024-09-10,24.2168,92.5448,Mizoram,34.1,57.7,118.5,156.0,0.267,-0.039,148,10.0,306.9,0.0175,test,0
2021-04-12,31.3231,76.7695,Himachal Pradesh,0.9,3.3,20.3,29.1,0.196,-0.124,599,6.4,36.3,-0.0193,train,0
2020-03-22,31.4698,76.2642,Himachal Pradesh,0.0,0.3,0.5,18.7,0.131,-0.223,394,4.2,147.7,0.0102,train,0
2023-02-10,24.7858,93.9191,Manipur,0.6,1.5,5.8,19.6,0.136,-0.262,801,4.6,110.8,0.0166,validation,0
2022-06-25,26.3543,92.659,Assam,13.7,50.1,93.4,124.0,0.327,-0.044,79,1.7,344.9,-0.0053,validation,0
2021-04-12,26.3455,92.7113,Assam,2.0,4.3,9.7,22.5,0.13,-0.209,76,3.7,229.1,0.0104,train,0
2012-03-15,26.317,92.67,Assam,2.0,3.9,6.7,15.7,0.146,-0.154,86,4.0,283.3,-0.0074,train,0
2024-03-15,24.1573,92.5408,Mizoram,0.5,8.1,13.4,29.6,0.135,-0.337,101,8.8,30.4,0.0043,test,0
2024-09-10,29.9741,78.1619,Uttarakhand,34.0,46.4,108.5,231.7,0.328,0.094,332,4.4,47.2,-0.0187,test,0
2024-01-22,31.5,76.2806,Himachal Pradesh,0.6,1.9,9.7,50.6,0.189,-0.155,381,3.8,58.2,0.0159,test,0
2017-07-12,29.1972,78.9852,Uttarakhand,4.6,45.4,88.3,216.4,0.283,0.059,224,3.4,29.4,-0.0176,train,0
2022-06-25,30.284,78.0115,Uttarakhand,25.8,65.0,124.8,202.5,0.314,-0.015,634,6.9,4.7,-0.0166,validation,0
2025-01-15,26.146,91.7113,Assam,5.6,10.5,29.8,41.8,0.111,-0.213,57,4.3,35.3,-0.0005,test,0
2024-09-10,31.4994,76.2805,Himachal Pradesh,28.2,53.3,97.9,187.0,0.247,0.073,363,3.6,232.4,-0.0129,test,0
2023-06-20,23.9541,92.2854,Tripura,90.1,157.2,225.4,549.8,0.476,0.338,327,17.7,332.7,0.0009,validation,1
2020-03-22,32.0725,76.2513,Himachal Pradesh,0.3,0.6,1.4,12.5,0.121,-0.259,738,7.9,14.2,0.012,train,0
2015-11-20,31.3559,76.77,Himachal Pradesh,1.8,6.6,19.8,27.2,0.138,-0.327,618,6.3,167.6,0.0017,train,0
2019-08-05,30.277,78.0451,Uttarakhand,7.9,51.3,70.2,150.0,0.232,0.119,645,6.0,24.1,0.01,train,0
2022-06-25,28.0546,95.2922,Arunachal Pradesh,27.3,49.0,108.3,240.3,0.25,0.062,158,7.4,77.7,0.0071,validation,0
2016-01-25,31.3149,76.7653,Himachal Pradesh,0.0,0.1,10.5,18.5,0.113,-0.219,628,6.8,224.2,-0.0166,train,0
2025-01-15,23.8155,91.2742,Tripura,1.5,2.7,10.6,19.9,0.107,-0.154,39,2.8,246.8,-0.0067,test,0
2020-08-22,24.2254,92.6851,Mizoram,146.4,280.8,340.6,648.1,0.545,0.278,1475,23.3,298.7,0.0255,train,1
2020-07-20,29.8514,80.5352,Uttarakhand,87.1,183.4,280.6,698.7,0.497,0.228,1778,43.8,338.3,-0.003,train,1
2021-05-18,27.5854,91.8652,Arunachal Pradesh,109.4,217.5,268.5,724.8,0.501,0.259,1460,42.9,324.1,0.0324,train,1
2020-03-22,30.2928,78.0638,Uttarakhand,0.3,0.9,1.1,12.6,0.156,-0.334,658,5.6,188.8,-0.0024,train,0
2019-08-05,32.0692,76.2412,Himachal Pradesh,6.6,37.2,58.1,129.6,0.346,0.031,746,6.3,69.2,-0.0184,train,0
2023-08-08,23.3412,92.8521,Mizoram,118.7,221.9,221.9,510.2,0.486,0.367,1524,26.9,119.9,-0.0358,validation,1
2025-01-15,29.9787,78.1733,Uttarakhand,2.4,4.4,5.1,7.5,0.169,-0.242,304,4.0,23.1,0.0033,test,0
2022-01-18,25.9138,93.767,Nagaland,2.2,3.7,14.2,17.6,0.103,-0.299,142,4.1,221.4,0.0164,validation,0
2022-06-25,26.1521,91.7524,Assam,6.2,44.2,101.1,216.1,0.225,0.002,48,2.9,31.6,0.0175,validation,0
2016-01-25,23.8292,91.3035,Tripura,0.4,3.5,10.1,13.3,0.157,-0.157,49,1.5,3.3,-0.0057,train,0
2016-01-25,26.3815,92.703,Assam,0.7,1.8,4.4,31.2,0.166,-0.304,50,1.4,237.7,0.0106,train,0
2022-01-18,32.1085,76.2585,Himachal Pradesh,0.9,5.0,5.2,10.4,0.171,-0.126,738,7.4,38.6,-0.0021,validation,0
2022-01-18,30.3333,78.0447,Uttarakhand,0.0,0.8,2.4,22.5,0.102,-0.324,659,4.7,235.0,-0.0105,validation,0
2023-02-10,27.1081,88.344,Sikkim,0.2,9.6,11.9,51.4,0.16,-0.143,379,11.9,346.0,-0.0044,validation,0
2023-02-10,31.4818,76.2909,Himachal Pradesh,0.4,4.3,7.1,25.1,0.163,-0.216,353,6.0,115.5,-0.0125,validation,0
2014-04-18,24.8116,93.9744,Manipur,0.1,2.3,3.5,67.0,0.111,-0.249,796,4.3,152.2,-0.0061,train,0
2024-06-20,29.2346,78.981,Uttarakhand,28.3,50.7,109.8,154.2,0.296,-0.049,214,2.3,142.6,0.0078,test,0
2015-11-20,24.8088,93.9171,Manipur,0.3,2.3,4.2,10.3,0.166,-0.108,790,2.4,27.2,0.0181,train,0
2023-04-05,29.2211,78.9894,Uttarakhand,0.9,3.1,7.1,26.9,0.114,-0.343,213,3.3,72.7,0.0069,validation,0
2020-03-22,25.8667,90.1855,Meghalaya,1.6,2.1,5.6,22.8,0.108,-0.129,115,6.5,348.2,-0.0033,train,0
2025-01-15,24.1518,92.5258,Mizoram,0.1,0.8,2.4,13.8,0.127,-0.325,108,7.9,350.3,0.0104,test,0
2018-05-10,29.1898,78.9328,Uttarakhand,3.1,3.8,26.1,33.5,0.118,-0.153,230,2.7,199.9,0.0088,train,0
2024-01-22,29.2395,78.9656,Uttarakhand,0.0,8.0,15.0,35.3,0.122,-0.185,217,3.2,38.4,0.0063,test,0
2022-11-15,27.1238,88.2742,Sikkim,1.1,11.1,14.0,14.7,0.103,-0.253,338,11.1,272.2,-0.0017,validation,0
2016-01-25,26.1485,91.7427,Assam,4.5,7.3,17.6,56.4,0.123,-0.297,65,3.0,302.4,0.016,train,0
2023-08-10,24.8312,93.963,Manipur,30.3,65.2,101.6,204.9,0.242,0.065,768,4.3,82.7,-0.0153,validation,0
2023-04-05,32.0654,76.271,Himachal Pradesh,0.8,12.9,13.6,22.7,0.197,-0.134,753,6.6,61.5,0.0067,validation,0
2022-06-29,27.0982,93.6154,Arunachal Pradesh,111.5,189.8,278.5,652.6,0.506,0.372,1910,42.4,234.6,0.0398,validation,1
2022-08-20,32.4412,76.5415,Himachal Pradesh,119.5,228.4,228.4,543.7,0.489,0.204,1565,28.6,205.5,-0.0256,validation,1
2025-01-15,25.8934,90.1484,Meghalaya,0.6,2.3,11.2,27.8,0.189,-0.239,105,6.9,213.0,0.0081,test,0
2019-08-05,29.2294,78.954,Uttarakhand,13.4,33.2,102.5,137.3,0.341,0.048,219,3.4,175.2,0.0149,train,0
2023-08-10,27.0896,88.2994,Sikkim,10.9,54.6,98.1,169.8,0.301,-0.026,352,12.9,176.0,-0.0039,validation,0
2024-06-20,31.3099,76.7951,Himachal Pradesh,2.4,46.2,58.8,195.7,0.294,0.119,593,7.9,348.9,0.0009,test,0
2014-04-18,29.2324,78.9232,Uttarakhand,1.0,1.3,3.0,80.7,0.114,-0.225,228,3.3,201.5,-0.0196,train,0
2019-08-05,28.025,95.3289,Arunachal Pradesh,3.5,19.5,71.9,109.4,0.338,-0.049,147,7.0,113.9,-0.0159,train,0
2012-03-15,23.8556,91.2828,Tripura,1.2,2.9,3.2,6.5,0.145,-0.298,27,4.0,353.2,0.0117,train,0
2015-11-20,32.0635,76.2982,Himachal Pradesh,2.5,27.0,61.2,75.8,0.177,-0.114,755,6.5,162.2,-0.0148,train,0
2022-01-18,24.211,92.5626,Mizoram,0.4,3.0,3.4,5.2,0.2,-0.268,137,9.9,308.9,0.0199,validation,0
2019-02-14,27.1451,88.2777,Sikkim,0.1,1.4,18.5,38.4,0.168,-0.26,359,11.0,229.0,0.0165,train,0
2020-03-22,25.886,93.7081,Nagaland,0.0,6.1,15.5,33.3,0.175,-0.312,147,3.7,33.8,-0.0006,train,0
2024-01-22,27.1645,88.3424,Sikkim,1.5,4.0,9.8,13.8,0.14,-0.34,353,12.6,82.0,0.0186,test,0
2017-07-12,24.2076,92.5551,Mizoram,28.5,54.2,72.6,183.1,0.307,0.076,108,8.1,320.5,0.01,train,0
2019-08-05,29.9536,78.165,Uttarakhand,9.6,21.7,44.9,97.3,0.329,0.01,296,5.4,318.2,0.0171,train,0
2019-08-05,25.9252,90.1566,Meghalaya,7.2,40.0,97.6,165.6,0.34,0.104,88,8.0,50.7,-0.0119,train,0
2012-03-15,30.3256,78.0347,Uttarakhand,3.4,8.1,9.1,15.8,0.125,-0.164,621,5.9,274.5,0.0151,train,0
2024-06-20,30.3346,78.0092,Uttarakhand,3.0,18.5,64.2,100.4,0.289,0.051,636,6.5,38.4,-0.017,test,0
2012-03-15,26.2214,91.6935,Assam,0.3,0.3,6.6,47.7,0.124,-0.118,38,4.6,126.6,-0.0159,train,0
2024-09-10,29.2011,78.9559,Uttarakhand,9.8,29.7,53.3,92.1,0.304,0.064,228,2.6,136.7,0.0145,test,0
2023-02-10,25.9202,93.7323,Nagaland,4.0,5.5,5.9,6.2,0.183,-0.219,163,3.3,124.2,-0.0188,validation,0
2023-08-15,31.1215,77.1524,Himachal Pradesh,117.2,246.8,246.8,492.9,0.496,0.245,2092,33.3,68.8,-0.0133,validation,1
2018-05-10,26.2039,91.761,Assam,0.4,0.7,0.8,19.3,0.161,-0.213,46,3.0,214.0,-0.0001,train,0
2012-03-15,32.1138,76.242,Himachal Pradesh,3.6,8.8,26.8,50.1,0.161,-0.245,759,8.4,16.3,-0.0189,train,0
2018-05-10,26.3565,92.6864,Assam,0.1,10.5,20.1,26.3,0.198,-0.2,71,3.3,292.2,0.0063,train,0
2020-03-22,26.3671,92.6965,Assam,0.3,2.7,27.8,77.7,0.104,-0.309,48,3.3,294.4,-0.0115,train,0
2023-07-16,30.2281,78.8924,Uttarakhand,104.3,184.7,216.0,554.6,0.478,0.222,2498,33.8,235.0,0.0282,validation,1
2018-05-10,32.087,76.2762,Himachal Pradesh,0.7,2.4,16.5,24.2,0.151,-0.154,732,7.7,310.5,0.018,train,0
2023-04-05,28.0644,95.3203,Arunachal Pradesh,1.1,3.8,3.9,15.1,0.196,-0.22,168,5.7,278.6,0.0109,validation,0
2017-07-12,26.3262,92.6457,Assam,4.7,48.4,76.1,198.4,0.307,0.015,52,1.5,221.4,0.011,train,0
2023-02-10,26.3606,92.6443,Assam,1.4,2.7,12.2,14.0,0.159,-0.23,74,1.3,208.8,0.0025,validation,0
2014-04-18,23.8593,91.2654,Tripura,4.9,5.6,23.7,118.4,0.171,-0.105,53,2.3,157.3,0.0037,train,0
2020-03-22,24.7987,93.9158,Manipur,0.1,1.9,9.8,26.6,0.167,-0.33,807,4.7,289.8,0.0129,train,0
2022-11-15,32.1221,76.2689,Himachal Pradesh,0.1,2.4,7.7,32.3,0.143,-0.318,727,6.9,232.5,0.0028,validation,0
2014-04-18,31.4946,76.247,Himachal Pradesh,0.3,0.9,3.1,16.5,0.143,-0.277,379,3.9,105.2,-0.0053,train,0
2020-03-22,23.8136,91.2742,Tripura,3.4,12.2,25.6,35.4,0.178,-0.231,49,2.1,212.8,-0.0126,train,0
2010-09-18,29.7541,79.7854,Uttarakhand,158.4,311.9,311.9,777.7,0.538,0.357,2424,30.6,244.1,-0.0378,train,1
2022-01-18,31.4926,76.3017,Himachal Pradesh,0.6,0.9,2.5,12.5,0.182,-0.135,349,5.0,150.3,-0.0111,validation,0
2024-01-22,23.8595,91.3021,Tripura,1.9,4.4,22.0,34.3,0.138,-0.309,64,3.7,138.4,-0.019,test,0
2023-02-10,31.3644,76.7253,Himachal Pradesh,0.6,9.6,27.6,42.9,0.163,-0.238,604,7.2,242.1,0.0101,validation,0
2024-09-10,26.3538,92.6548,Assam,26.8,58.1,125.5,163.8,0.228,-0.002,55,1.8,326.3,-0.01,test,0
2018-05-10,25.8711,90.1501,Meghalaya,6.3,10.7,10.9,12.1,0.146,-0.123,101,6.5,38.0,0.0063,train,0
2024-06-20,32.1341,76.2435,Himachal Pradesh,4.2,38.8,83.3,214.3,0.24,0.085,723,6.3,59.1,0.0126,test,0
2019-02-14,29.1883,78.9997,Uttarakhand,5.5,8.7,10.0,30.5,0.107,-0.342,210,2.6,312.6,0.0091,train,0
2024-09-10,27.1312,88.3412,Sikkim,34.4,55.7,115.4,237.1,0.3,0.113,340,11.3,307.4,-0.0024,test,0
2022-06-20,24.8331,92.8014,Assam,110.0,227.6,229.6,535.1,0.486,0.217,426,16.2,126.0,-0.0091,validation,1
2021-04-12,24.1477,92.5653,Mizoram,0.4,2.8,3.0,22.8,0.132,-0.126,144,8.5,324.3,0.0198,train,0
2022-06-12,22.8854,92.7421,Mizoram,116.1,191.7,290.1,578.8,0.512,0.337,1075,23.9,352.6,-0.0087,validation,1
2017-07-12,28.0893,95.3623,Arunachal Pradesh,15.4,56.6,85.9,173.1,0.252,0.059,183,6.6,128.8,0.0059,train,0
2022-11-15,31.4508,76.233,Himachal Pradesh,1.4,3.5,3.8,9.7,0.191,-0.29,356,5.0,354.8,-0.0103,validation,0
2014-04-18,25.8725,90.1663,Meghalaya,0.3,2.8,6.5,70.9,0.161,-0.263,80,5.5,81.1,-0.01,train,0
2020-03-22,29.2421,78.9537,Uttarakhand,0.5,3.2,17.8,22.1,0.162,-0.192,234,1.6,257.7,0.0164,train,0
2022-07-15,23.9215,91.8542,Tripura,146.8,288.7,323.6,787.9,0.538,0.366,894,17.0,134.2,-0.0231,validation,1
2015-11-20,29.9234,78.1336,Uttarakhand,0.1,3.7,6.2,29.4,0.107,-0.271,320,4.9,114.8,0.005,train,0
2021-07-30,30.6521,77.6254,Himachal Pradesh,76.6,133.0,230.2,537.9,0.473,0.182,2228,34.0,27.6,-0.0142,train,1
2011-09-18,27.7215,88.3125,Sikkim,86.1,140.5,250.4,655.0,0.485,0.368,2464,42.9,251.6,0.0312,train,1
2024-08-01,30.5412,78.7125,Uttarakhand,130.8,266.8,355.6,790.6,0.545,0.228,1991,39.0,264.9,-0.0372,test,1
2023-02-10,29.9179,78.1894,Uttarakhand,2.7,4.8,4.8,10.9,0.162,-0.105,325,3.3,228.2,0.0016,validation,0
2019-02-14,30.335,78.0282,Uttarakhand,0.4,2.2,3.1,6.6,0.15,-0.245,665,5.3,209.0,0.0053,train,0
2015-11-20,25.9125,93.7274,Nagaland,0.2,3.1,5.0,17.0,0.108,-0.235,140,5.1,20.5,-0.0033,train,0
2019-08-05,24.8242,93.9451,Manipur,23.0,37.7,90.5,131.5,0.248,0.099,796,2.2,89.4,-0.0114,train,0
2014-04-18,26.3601,92.679,Assam,0.4,5.9,6.1,47.9,0.146,-0.191,74,3.8,229.2,0.0046,train,0
2014-04-18,31.3622,76.7773,Himachal Pradesh,1.8,5.4,8.1,14.4,0.181,-0.147,633,8.9,184.1,0.0001,train,0
2021-08-11,25.4412,92.1951,Meghalaya,95.4,191.0,293.0,784.9,0.505,0.238,1758,32.5,251.1,0.0044,train,1
2025-01-15,26.3268,92.7048,Assam,0.9,5.4,5.8,17.8,0.103,-0.334,87,1.5,191.7,-0.0036,test,0
2019-02-14,28.0692,95.3296,Arunachal Pradesh,0.2,4.7,6.6,19.0,0.128,-0.317,166,5.0,269.5,-0.0073,train,0
2019-08-05,23.8087,91.2491,Tripura,3.2,15.2,77.2,141.1,0.353,0.049,46,3.2,186.0,0.0104,train,0
2012-03-15,29.1915,78.9838,Uttarakhand,0.6,2.4,2.5,3.9,0.139,-0.23,228,2.1,250.2,0.0144,train,0
2015-06-28,28.7845,95.8924,Arunachal Pradesh,102.6,177.3,200.2,482.6,0.471,0.223,2227,37.1,333.1,-0.0026,train,1
2024-03-15,28.0568,95.3122,Arunachal Pradesh,0.1,0.9,2.6,14.5,0.175,-0.232,137,7.7,339.4,0.0114,test,0
2019-08-05,26.1669,91.6984,Assam,4.8,45.6,67.1,135.9,0.252,0.01,38,3.4,24.3,0.012,train,0
2023-02-10,25.866,90.1825,Meghalaya,0.4,5.8,7.8,26.3,0.169,-0.222,90,5.6,11.9,-0.0078,validation,0
2024-03-15,23.8581,91.2469,Tripura,1.8,12.3,15.8,20.6,0.17,-0.146,52,4.4,18.6,0.0002,test,0
2023-07-09,31.7082,76.9321,Himachal Pradesh,103.6,203.7,250.5,495.2,0.492,0.276,2025,34.3,292.2,-0.0125,validation,1
2023-08-10,25.8888,90.1832,Meghalaya,20.0,40.2,108.8,152.1,0.279,-0.043,111,7.8,100.8,0.0143,validation,0
2012-03-15,24.2125,92.5338,Mizoram,0.6,5.3,8.9,12.5,0.185,-0.129,123,7.7,139.6,0.0121,train,0
2019-02-14,31.3684,76.777,Himachal Pradesh,1.2,4.0,7.3,12.4,0.136,-0.161,590,6.5,16.6,-0.0184,train,0
2019-02-14,26.3152,92.6711,Assam,3.9,4.7,7.5,17.7,0.144,-0.197,89,1.8,43.7,-0.0121,train,0
2019-02-14,24.8552,93.9042,Manipur,0.0,1.7,2.3,27.1,0.191,-0.241,772,3.5,260.4,-0.0196,train,0
2023-04-05,26.1727,91.77,Assam,1.5,6.7,7.6,43.3,0.192,-0.228,65,4.1,62.9,0.0001,validation,0
2023-04-05,29.9674,78.1326,Uttarakhand,2.1,4.4,24.2,31.7,0.163,-0.117,299,5.3,247.6,-0.0173,validation,0
2017-07-12,31.2961,76.7605,Himachal Pradesh,19.8,50.3,103.9,251.0,0.292,0.005,629,7.0,158.0,-0.0169,train,0
2024-01-22,26.1802,91.7005,Assam,1.5,2.2,8.0,26.9,0.115,-0.335,74,3.2,20.9,0.0198,test,0
2020-07-11,24.9854,93.4952,Manipur,83.9,134.9,222.8,534.7,0.473,0.33,1495,32.6,334.7,0.0061,train,1
2024-05-28,25.2954,93.1124,Assam,87.6,171.6,224.4,596.4,0.475,0.253,383,27.0,126.8,0.0034,test,1
2021-09-02,27.1854,88.3581,Sikkim,99.2,191.7,275.8,561.1,0.5,0.228,2422,43.0,209.1,0.0001,train,1
2018-05-10,27.1359,88.2761,Sikkim,0.4,0.6,6.2,27.1,0.111,-0.254,352,12.1,43.6,-0.0032,train,0
2014-04-18,26.1839,91.7125,Assam,0.5,1.6,11.3,25.2,0.131,-0.197,70,2.6,148.9,-0.0151,train,0
2022-11-15,24.2061,92.5449,Mizoram,2.2,2.3,13.2,30.6,0.156,-0.194,143,9.3,209.1,0.0196,validation,0
2024-07-20,30.6851,79.0452,Uttarakhand,126.0,238.0,332.3,658.5,0.533,0.303,1835,32.4,213.9,0.0275,test,1
2024-09-10,28.0899,95.3389,Arunachal Pradesh,14.8,46.8,72.4,143.8,0.348,-0.001,158,7.5,254.8,-0.0175,test,0
2022-01-18,26.3178,92.6809,Assam,0.0,0.8,8.6,95.1,0.11,-0.25,82,1.7,199.8,0.0093,validation,0
2024-09-10,25.9205,90.1557,Meghalaya,4.1,42.4,88.3,132.1,0.233,0.105,108,7.5,316.4,0.0029,test,0
2018-05-10,28.0348,95.3591,Arunachal Pradesh,1.0,2.8,8.1,25.7,0.107,-0.179,147,6.9,296.1,0.0122,train,0
2018-05-10,29.9334,78.147,Uttarakhand,0.5,1.3,1.6,1.9,0.199,-0.243,313,4.5,78.6,0.018,train,0
2017-07-12,24.802,93.9177,Manipur,21.7,61.3,128.1,170.8,0.242,0.111,796,4.8,72.9,0.0035,train,0
2015-11-20,30.3315,78.0354,Uttarakhand,0.4,1.7,2.9,45.9,0.158,-0.25,643,7.0,55.2,0.0034,train,0
2023-06-18,24.3315,93.6751,Manipur,144.8,289.5,311.0,806.0,0.532,0.343,950,24.4,280.2,0.0055,validation,1
2025-01-15,32.0776,76.301,Himachal Pradesh,0.7,3.1,17.3,34.9,0.112,-0.115,744,6.8,50.1,0.0118,test,0
2023-02-10,32.0875,76.3079,Himachal Pradesh,1.4,2.2,2.8,5.8,0.125,-0.31,722,6.7,62.4,0.0159,validation,0
2021-08-11,31.5452,77.9221,Himachal Pradesh,139.7,263.3,304.1,631.0,0.528,0.331,2288,29.6,49.9,0.0206,train,1
2024-05-28,23.7315,92.7172,Mizoram,209.2,430.4,430.4,928.4,0.606,0.31,1081,31.1,346.3,-0.0069,test,1
2024-08-01,31.9854,76.9821,Himachal Pradesh,201.1,342.1,426.7,1123.7,0.601,0.218,2211,40.5,252.7,-0.0357,test,1
2025-01-15,30.3494,78.0029,Uttarakhand,4.5,6.3,7.5,21.6,0.187,-0.167,660,6.2,249.2,0.014,test,0
2024-05-29,28.6214,94.9541,Arunachal Pradesh,109.4,223.1,234.8,602.0,0.488,0.188,1789,41.2,356.5,0.0003,test,1
2020-03-22,24.1662,92.548,Mizoram,2.5,7.0,15.6,19.3,0.109,-0.175,118,8.8,11.2,-0.0096,train,0
2024-01-22,24.212,92.5086,Mizoram,0.0,4.5,10.1,31.7,0.184,-0.149,148,9.1,175.9,-0.0039,test,0
2024-03-15,26.1496,91.7476,Assam,6.2,7.0,7.9,10.2,0.13,-0.325,69,2.0,183.4,0.0199,test,0
2024-03-15,27.1578,88.3298,Sikkim,1.1,7.2,8.0,36.1,0.112,-0.151,343,13.6,339.9,-0.014,test,0
2021-04-12,24.8516,93.9395,Manipur,0.3,3.2,11.3,35.4,0.152,-0.333,778,5.0,210.4,0.0015,train,0
2024-01-22,26.3564,92.6777,Assam,1.5,6.1,6.9,16.4,0.184,-0.254,70,2.9,66.4,-0.0055,test,0
2020-03-22,26.1637,91.7352,Assam,3.2,6.4,11.0,18.1,0.133,-0.183,84,3.8,200.8,0.0092,train,0
2023-02-10,26.1543,91.7574,Assam,0.7,7.0,19.2,48.7,0.179,-0.274,39,3.0,62.5,0.0078,validation,0
2022-11-15,28.0736,95.3116,Arunachal Pradesh,0.2,3.4,11.5,18.3,0.164,-0.251,170,5.4,320.5,-0.0085,validation,0
2019-02-14,24.1701,92.5143,Mizoram,0.4,2.1,16.4,29.1,0.119,-0.331,134,8.6,295.9,0.0064,train,0
2022-01-18,25.8584,90.1725,Meghalaya,0.3,6.2,16.5,30.5,0.171,-0.271,98,7.5,165.3,-0.0057,validation,0
2022-06-25,25.9068,93.7271,Nagaland,3.7,10.1,53.2,135.8,0.337,-0.023,126,3.9,85.5,-0.018,validation,0
2019-08-05,24.2087,92.5168,Mizoram,24.8,40.4,106.7,213.1,0.265,-0.004,109,9.6,78.7,0.0038,train,0
2025-01-15,28.0368,95.2886,Arunachal Pradesh,1.5,3.3,4.2,61.2,0.153,-0.29,160,6.8,27.4,-0.009,test,0
2019-08-05,27.134,88.3419,Sikkim,25.9,35.7,99.8,137.8,0.295,-0.026,330,12.3,106.2,-0.0006,train,0
2015-11-20,26.1595,91.7465,Assam,0.3,2.5,9.9,11.9,0.157,-0.286,83,3.3,290.2,0.002,train,0
2017-07-12,29.9664,78.1562,Uttarakhand,17.8,47.9,110.3,258.4,0.328,0.021,315,4.7,86.0,-0.0156,train,0
2022-05-16,25.0741,93.1554,Assam,122.3,251.1,251.1,606.5,0.499,0.303,935,19.9,69.4,0.0365,validation,1
2024-06-20,26.2101,91.7412,Assam,12.1,42.1,83.7,164.8,0.238,0.101,57,2.4,132.4,-0.0034,test,0
2022-11-15,29.2231,78.958,Uttarakhand,2.8,7.7,13.0,49.5,0.121,-0.322,211,1.4,191.2,0.0175,validation,0
2018-05-10,23.8005,91.2691,Tripura,0.8,8.4,38.4,39.2,0.176,-0.257,44,3.8,330.6,0.018,train,0
2024-06-20,25.9242,90.1822,Meghalaya,24.0,52.7,116.2,168.4,0.231,-0.009,114,5.1,209.8,0.0198,test,0
2022-06-25,31.3508,76.7823,Himachal Pradesh,11.3,23.4,78.4,205.2,0.359,0.02,608,8.5,122.7,0.0172,validation,0
2024-05-28,25.5681,91.8824,Meghalaya,82.9,168.7,233.0,573.0,0.476,0.366,1767,29.6,62.2,-0.0259,test,1
2023-08-14,31.0965,77.1652,Himachal Pradesh,124.6,239.6,384.5,960.7,0.554,0.365,2145,35.3,28.9,0.003,validation,1
2022-06-18,25.3012,91.7125,Meghalaya,182.5,311.8,433.0,849.9,0.596,0.349,1185,31.1,319.9,-0.0082,validation,1
2019-08-05,31.4529,76.256,Himachal Pradesh,26.1,56.6,119.8,206.5,0.237,0.071,387,5.2,277.5,-0.0002,train,0
2019-02-14,26.224,91.7029,Assam,1.8,3.4,6.8,29.6,0.169,-0.102,41,2.1,260.8,0.0031,train,0
2024-06-13,27.5124,88.5241,Sikkim,121.2,259.0,281.1,633.5,0.511,0.355,2119,31.3,223.5,-0.0035,test,1
2014-04-18,27.1054,88.3009,Sikkim,1.0,1.1,2.0,7.8,0.197,-0.267,354,11.6,219.9,-0.0088,train,0
2024-06-20,31.454,76.2897,Himachal Pradesh,23.4,62.4,111.9,210.1,0.233,0.013,362,4.2,350.3,-0.0043,test,0
2020-09-24,25.6021,90.5842,Meghalaya,116.8,234.8,234.9,640.3,0.491,0.326,1024,30.3,98.5,-0.0008,train,1
2015-11-20,27.1016,88.3133,Sikkim,0.0,0.0,1.5,2.2,0.111,-0.265,370,12.7,184.6,-0.0083,train,0
2012-03-15,25.8798,90.186,Meghalaya,0.0,3.3,23.1,37.9,0.194,-0.337,95,5.8,263.1,0.0193,train,0
2024-07-31,32.0581,77.2915,Himachal Pradesh,183.1,401.9,401.9,840.0,0.584,0.301,1657,39.3,124.8,0.0108,test,1
2022-06-25,23.8328,91.2504,Tripura,34.1,48.1,76.4,142.9,0.252,-0.05,61,4.4,80.7,0.0065,validation,0
2023-08-10,31.4553,76.2391,Himachal Pradesh,32.5,72.6,98.1,207.3,0.334,0.044,375,4.2,33.5,0.0159,validation,0
2022-06-25,27.1122,88.2777,Sikkim,15.5,32.9,83.5,186.2,0.271,-0.013,379,12.4,247.8,-0.0144,validation,0
2021-04-12,29.9123,78.1942,Uttarakhand,0.5,0.9,14.1,70.2,0.186,-0.148,326,4.2,31.3,-0.0037,train,0
2016-01-25,24.8008,93.9034,Manipur,1.4,4.3,10.6,16.2,0.102,-0.109,772,4.2,254.4,0.0044,train,0
2023-04-05,25.9429,93.7404,Nagaland,4.1,5.0,10.7,31.1,0.132,-0.138,172,5.3,266.1,-0.0089,validation,0
2024-09-10,32.1122,76.2708,Himachal Pradesh,13.8,53.9,87.4,215.4,0.281,0.014,736,6.7,269.1,0.0001,test,0
2015-11-20,23.7968,91.2958,Tripura,6.0,6.6,16.0,58.9,0.194,-0.11,51,4.4,272.6,-0.0135,train,0
2017-07-12,25.8816,93.7262,Nagaland,26.5,51.2,90.2,220.8,0.271,0.096,145,3.6,163.4,0.0105,train,0
2023-08-10,23.8481,91.2829,Tripura,32.4,65.2,118.9,252.3,0.258,0.087,34,2.5,120.8,0.0191,validation,0
2015-11-20,25.92,90.1589,Meghalaya,1.1,1.5,13.3,36.4,0.107,-0.173,102,5.2,165.0,-0.0006,train,0
2023-07-04,25.6321,94.1082,Nagaland,106.8,231.5,265.6,555.9,0.499,0.207,1487,24.4,32.6,0.02,validation,1
2023-07-02,25.7551,91.9054,Meghalaya,161.2,273.9,310.5,608.6,0.539,0.376,1276,36.9,7.6,0.0046,validation,1
2024-03-15,29.9181,78.1876,Uttarakhand,1.8,2.5,3.0,23.5,0.165,-0.282,341,3.0,155.6,0.0177,test,0
2022-06-25,29.1836,78.9616,Uttarakhand,13.1,51.3,87.2,147.0,0.306,0.07,206,1.7,13.2,0.0095,validation,0
2024-06-20,25.8666,93.704,Nagaland,23.9,45.3,79.4,215.6,0.345,0.105,140,4.7,97.8,-0.0124,test,0
2021-04-12,29.1844,78.939,Uttarakhand,5.3,5.9,17.5,29.7,0.125,-0.132,220,2.7,129.3,0.0037,train,0
2022-11-15,29.9608,78.1784,Uttarakhand,1.4,5.6,6.6,44.9,0.187,-0.343,335,2.9,120.6,0.0097,validation,0
2024-07-10,25.6841,94.4925,Nagaland,130.2,245.8,385.5,1048.1,0.556,0.218,1158,37.0,259.1,-0.0072,test,1
2023-06-16,25.5341,91.8682,Meghalaya,99.2,218.2,218.2,400.9,0.477,0.291,1797,27.1,156.6,-0.0352,validation,1
2024-09-10,24.8255,93.9054,Manipur,13.1,23.8,75.3,130.1,0.275,0.102,770,3.7,150.9,-0.0193,test,0
2023-08-10,26.3681,92.6854,Assam,16.5,27.4,57.1,139.2,0.232,-0.012,71,3.3,359.4,0.0173,validation,0
2022-06-25,25.8915,90.1803,Meghalaya,13.1,25.1,77.8,206.9,0.234,-0.009,82,6.0,162.1,0.01,validation,0
2022-08-20,30.3452,78.1325,Uttarakhand,141.3,293.5,361.0,846.8,0.551,0.343,2136,28.5,163.0,0.0063,validation,1
2021-04-12,23.8175,91.3144,Tripura,0.3,0.5,0.9,51.8,0.151,-0.248,65,4.0,119.6,0.0077,train,0
2016-01-25,29.9759,78.1733,Uttarakhand,0.4,0.5,12.7,13.1,0.187,-0.218,340,4.9,359.3,-0.006,train,0
2023-04-05,27.1158,88.2992,Sikkim,1.2,1.7,6.5,20.5,0.176,-0.142,352,11.9,93.4,-0.0122,validation,0
2023-02-10,29.1731,78.9298,Uttarakhand,0.9,9.0,11.3,24.0,0.104,-0.313,247,4.1,1.8,0.0181,validation,0
2022-01-18,28.0488,95.2964,Arunachal Pradesh,2.3,5.4,5.7,13.7,0.196,-0.225,156,6.2,75.2,-0.0053,validation,0
2024-06-20,24.8103,93.9303,Manipur,19.8,52.7,104.8,155.4,0.29,0.02,803,4.1,191.7,-0.0154,test,0
2024-01-22,25.8754,90.1869,Meghalaya,2.1,7.0,7.1,66.4,0.173,-0.274,116,5.8,314.2,-0.0155,test,0
2017-07-12,23.8651,91.2643,Tripura,22.9,36.8,66.1,197.9,0.322,-0.034,46,1.6,173.1,0.0065,train,0
2023-02-10,30.3259,78.0248,Uttarakhand,1.2,2.9,5.0,58.4,0.176,-0.315,663,5.7,322.0,0.012,validation,0
2023-08-10,32.1334,76.2735,Himachal Pradesh,20.9,37.1,93.3,145.7,0.265,0.022,738,6.5,41.3,0.0044,validation,0
2023-08-10,30.2775,78.0651,Uttarakhand,5.9,34.0,60.4,156.9,0.311,0.091,630,4.2,49.3,0.016,validation,0
2023-02-10,24.2055,92.5304,Mizoram,1.8,3.3,4.9,21.3,0.193,-0.118,117,9.1,76.2,0.0198,validation,0
2018-05-10,31.294,76.795,Himachal Pradesh,2.7,6.3,9.5,12.9,0.116,-0.287,617,8.3,237.7,-0.0088,train,0
2018-05-10,25.8761,93.7027,Nagaland,4.5,5.1,10.1,25.7,0.149,-0.189,136,4.3,134.0,0.0065,train,0
2023-04-05,31.4313,76.2773,Himachal Pradesh,1.7,1.8,6.1,10.7,0.165,-0.306,383,4.7,337.2,-0.0145,validation,0
2018-05-10,24.8331,93.9504,Manipur,0.8,0.8,6.0,11.3,0.145,-0.111,779,4.7,67.9,0.0069,train,0
2023-08-10,26.1769,91.7037,Assam,14.1,21.8,33.3,79.5,0.355,0.043,83,3.1,112.3,0.0002,validation,0
2019-02-14,32.0708,76.3031,Himachal Pradesh,1.0,1.9,5.6,76.0,0.149,-0.268,744,6.5,27.3,-0.0148,train,0
2025-01-15,25.8792,93.6963,Nagaland,1.2,8.2,10.7,34.5,0.166,-0.117,166,4.3,236.5,0.0159,test,0
2023-08-04,30.6512,79.0281,Uttarakhand,128.1,232.1,285.3,587.0,0.515,0.336,1756,29.5,345.0,0.0151,validation,1
2022-01-18,29.1831,78.9513,Uttarakhand,5.2,6.1,12.5,19.6,0.177,-0.317,246,2.6,85.0,-0.0171,validation,0
2021-08-10,23.5321,91.6425,Tripura,162.6,323.7,396.3,997.1,0.574,0.291,200,23.1,275.1,0.006,train,1
2022-11-15,31.3607,76.7523,Himachal Pradesh,2.1,6.3,7.0,48.9,0.151,-0.143,606,8.9,140.1,-0.0196,validation,0
2020-03-22,27.1312,88.2755,Sikkim,0.2,2.7,5.2,28.7,0.165,-0.139,364,12.3,242.3,-0.009,train,0
2015-11-20,24.1797,92.5748,Mizoram,1.2,2.4,3.9,11.7,0.137,-0.333,118,8.9,260.2,0.0063,train,0
2020-03-22,31.322,76.7681,Himachal Pradesh,1.0,6.8,13.2,16.4,0.107,-0.189,591,8.0,338.5,0.003,train,0
