date,latitude,longitude,rain_24h,rain_7d,soil_moisture,elevation,slope,landslide
2023-07-12,31.258,77.725,115.0,310.0,0.48,1850,33.0,1
2022-07-28,29.939,79.904,98.0,260.0,0.46,1100,30.0,1
2023-03-20,30.9251,77.1306,0.9,4.3,0.121,1508,12.8,0
2021-08-27,30.534,79.512,135.0,310.0,0.5,1650,39.0,1
2023-02-15,30.0891,78.2916,2.7,4.4,0.121,372,5.9,0
2022-07-16,32.553,75.965,110.0,260.0,0.46,1050,34.5,1
2023-07-02,31.4782,76.2767,44.4,72.6,0.287,393,6.4,0
2023-01-10,31.1217,77.2068,0.4,1.2,0.152,2412,34.5,0
2023-04-12,31.3379,76.7685,0.7,2.3,0.143,630,10.2,0
2023-04-12,30.8874,77.0805,0.6,0.7,0.142,1496,12.1,0
2013-06-17,30.485,79.089,170.0,410.0,0.53,1310,36.5,1
2023-01-10,32.382,77.2231,0.3,0.7,0.105,3965,46.4,0
2021-10-19,29.375,79.525,205.0,380.0,0.55,1750,33.0,1
2023-06-15,31.4339,76.2743,46.9,108.5,0.332,371,5.6,0
2021-07-30,30.652,77.625,105.0,280.0,0.47,1350,44.0,1
2023-07-02,31.363,76.7461,16.2,51.2,0.349,595,10.1,0
2023-08-05,31.3709,76.7479,25.3,107.2,0.373,627,11.2,0
2023-01-10,29.1912,78.9395,4.3,6.5,0.199,240,3.3,0
2023-07-11,31.834,77.198,140.0,370.0,0.51,1420,37.0,1
2023-01-10,31.4581,76.2367,1.8,5.5,0.152,350,6.2,0
2022-08-19,32.218,76.32,165.0,380.0,0.53,1550,31.0,1
2023-01-10,30.1204,78.2916,1.2,10.4,0.19,400,5.8,0
2023-03-20,29.9668,78.1399,0.0,7.6,0.181,335,5.0,0
2023-04-12,29.8306,80.3499,0.4,6.6,0.129,2360,39.4,0
2023-02-15,30.4898,78.0601,0.7,0.9,0.16,2081,36.5,0
2023-03-20,30.7518,79.5153,1.0,1.4,0.146,3143,45.5,0
2023-04-12,31.5051,76.231,4.2,4.4,0.199,403,5.1,0
2023-08-05,29.9249,78.1568,39.2,80.2,0.26,302,3.7,0
2023-01-10,29.2492,79.499,0.6,1.0,0.168,426,4.9,0
2023-07-02,30.3407,78.0164,15.5,88.4,0.307,644,4.9,0
2022-07-28,30.325,79.225,115.0,290.0,0.49,1180,34.0,1
2023-07-22,30.4061,77.6387,30.7,109.8,0.318,405,6.6,0
2023-08-05,30.8802,77.0787,17.8,55.9,0.287,1526,12.0,0
2020-08-11,30.015,79.512,120.0,275.0,0.48,1420,32.0,1
2021-07-25,31.433,78.275,32.0,110.0,0.38,2680,55.0,1
2021-10-19,29.472,79.648,190.0,360.0,0.54,2280,36.0,1
2023-01-10,30.7572,79.082,1.8,5.7,0.112,3579,41.1,0
2023-08-05,30.5742,77.2581,40.8,109.8,0.261,958,12.6,0
2023-01-10,32.1274,76.2853,0.8,1.3,0.159,718,7.9,0
2023-02-15,30.7646,79.052,0.7,4.3,0.17,3625,41.2,0
2022-07-08,30.985,78.685,125.0,290.0,0.49,2450,39.0,1
2023-03-20,31.3231,76.7189,2.8,3.2,0.142,642,11.1,0
2023-04-12,29.2443,78.9543,4.1,19.0,0.195,216,2.3,0
2023-03-20,30.1114,78.2959,0.0,3.2,0.152,354,5.9,0
2023-07-02,30.911,77.1059,38.8,94.0,0.267,1500,12.4,0
2023-08-15,31.121,77.152,132.0,395.0,0.54,2100,35.0,1
2023-03-20,32.0993,76.2975,1.3,2.1,0.117,709,8.4,0
2023-01-10,30.4518,77.598,2.9,10.7,0.205,409,6.2,0
2023-01-10,32.2021,77.9998,0.1,4.3,0.153,3668,46.1,0
2023-02-15,30.3453,78.0401,1.5,1.6,0.207,627,7.0,0
2023-03-20,29.888,77.9182,0.4,5.3,0.192,274,2.8,0
2023-07-22,30.2788,78.0647,21.3,92.7,0.291,647,6.1,0
2021-02-07,30.495,79.692,10.0,40.0,0.34,2050,45.0,1
2023-04-12,32.3609,77.224,1.1,3.2,0.167,4003,42.2,0
2023-01-10,30.8729,77.0812,2.0,8.2,0.128,1499,12.1,0
2023-07-22,32.1242,76.2515,16.3,90.1,0.332,749,9.1,0
2023-06-15,29.8721,77.9198,43.9,123.5,0.333,256,1.4,0
2021-07-19,30.729,78.435,140.0,320.0,0.5,1320,32.5,1
2023-04-12,29.2205,79.5153,1.2,7.0,0.208,418,6.3,0
2013-06-17,30.588,79.045,195.0,450.0,0.56,1540,38.0,1
2023-01-10,31.5548,78.1015,0.4,10.5,0.109,2587,48.5,0
2023-08-05,29.1978,79.5005,39.3,65.3,0.265,406,4.9,0
2023-04-12,30.073,78.3024,0.5,3.8,0.18,405,6.3,0
2023-02-15,29.8401,80.3682,0.0,1.0,0.132,2383,39.2,0
2021-08-11,31.545,77.922,48.0,165.0,0.42,1950,52.0,1
2023-08-13,30.985,77.098,138.0,340.0,0.49,1450,31.0,1
2023-01-05,30.558,79.565,15.0,38.0,0.36,1890,26.0,1
2023-07-22,30.9197,77.1047,24.8,118.9,0.329,1487,12.2,0
2023-07-09,31.708,76.932,155.0,390.0,0.53,850,39.0,1
2022-08-20,30.345,78.132,185.0,350.0,0.53,860,28.0,1
2023-07-02,29.2337,79.5047,18.2,54.2,0.283,439,6.4,0
2023-01-10,30.4308,78.0698,0.2,8.3,0.112,2016,37.6,0
2023-02-15,29.8279,77.9033,0.6,13.0,0.124,249,2.1,0
2023-08-14,31.215,77.085,125.0,330.0,0.47,1350,33.0,1
2023-02-15,31.6019,78.119,0.2,0.7,0.153,2554,51.1,0
2023-02-15,30.4305,77.6596,2.4,2.6,0.113,421,5.1,0
2023-08-14,31.109,77.135,145.0,380.0,0.52,2040,38.5,1
2023-06-15,30.8776,77.1302,33.4,105.9,0.353,1486,13.0,0
2023-06-15,30.4767,77.6294,39.7,130.8,0.36,400,4.7,0
2023-07-22,29.907,78.1326,13.1,82.6,0.291,339,4.3,0
2021-08-30,30.065,80.235,145.0,340.0,0.52,2290,41.0,1
2023-07-22,29.2308,79.4944,46.4,123.1,0.322,424,6.6,0
2023-08-04,30.651,79.028,165.0,395.0,0.54,1980,41.0,1
2021-10-19,29.392,79.454,210.0,390.0,0.56,2084,35.0,1
2023-07-02,30.4073,77.6613,33.8,74.8,0.337,395,5.9,0
2021-02-07,30.385,79.728,12.0,45.0,0.35,3800,48.0,1
2013-06-17,30.525,79.082,185.0,430.0,0.54,1380,35.0,1
2023-03-20,30.588,77.331,0.2,12.0,0.159,934,10.8,0
2023-08-05,29.8737,77.9,42.6,113.6,0.324,266,1.4,0
2023-07-02,29.8859,77.8965,12.3,44.4,0.336,256,1.1,0
2023-03-20,29.2216,78.9342,3.4,17.2,0.201,193,2.5,0
2020-09-02,30.38,78.48,130.0,305.0,0.49,1550,36.0,1
2023-04-12,32.1059,76.3042,1.0,3.2,0.174,740,7.9,0
2023-06-15,29.2381,78.9454,18.1,82.1,0.372,226,3.5,0
2023-07-22,31.4645,76.2796,22.0,60.2,0.31,378,4.6,0
2023-04-12,30.4572,78.0615,0.5,1.8,0.145,2024,36.3,0
2023-01-10,30.7209,79.5145,0.7,2.0,0.137,3122,47.2,0
2022-08-14,29.355,80.105,122.0,290.0,0.48,1610,34.0,1
2023-06-15,29.2416,79.4937,27.8,58.3,0.253,445,7.7,0
2023-07-02,30.5569,77.3084,18.2,56.7,0.255,925,10.5,0
2023-01-10,29.8275,80.3753,1.6,3.4,0.147,2314,38.5,0
2023-04-12,29.9109,78.1527,0.1,9.0,0.172,292,3.8,0
2023-08-05,30.0966,78.2777,31.3,62.6,0.359,361,6.2,0
2022-08-20,30.458,78.072,160.0,320.0,0.51,2005,37.0,1
2023-04-12,30.4345,77.6182,0.4,0.7,0.196,432,6.4,0
2023-04-12,30.5974,77.2944,0.5,5.0,0.134,914,10.2,0
2023-02-15,30.9068,77.1085,0.6,3.4,0.185,1492,11.6,0
2023-06-15,29.9299,78.15,38.3,107.9,0.365,299,4.2,0
2023-03-20,31.0712,77.1562,1.3,1.8,0.152,2417,33.7,0
2023-07-22,31.2987,76.7741,14.6,97.1,0.342,594,8.4,0
2023-02-15,31.4674,76.2309,0.8,1.1,0.122,382,3.9,0
2023-08-05,32.1233,76.2516,18.4,95.9,0.355,733,9.5,0
2023-04-12,30.2872,78.0154,0.5,3.2,0.189,645,5.1,0
2023-08-24,31.425,77.428,112.0,295.0,0.48,1240,34.0,1
2023-03-20,30.7266,79.1008,0.1,1.4,0.164,3578,40.2,0
2023-07-10,31.67,77.05,168.0,412.0,0.55,920,42.0,1
2023-04-12,30.7542,79.5161,2.1,3.6,0.109,3177,47.4,0
2023-08-11,29.645,79.425,118.0,285.0,0.48,1820,32.0,1
2023-07-16,30.228,78.892,115.0,285.0,0.48,720,37.5,1
2023-07-22,29.8579,77.9034,35.5,76.2,0.343,264,1.8,0
2023-04-12,29.8333,77.8554,2.7,13.1,0.173,263,2.1,0
2019-08-15,30.125,78.542,85.0,240.0,0.46,640,46.0,1
2023-07-22,29.835,79.772,108.0,275.0,0.47,1004,31.0,1
2023-07-09,32.268,77.189,195.0,430.0,0.56,2100,29.5,1
2023-03-20,30.476,77.597,1.1,3.3,0.207,423,6.5,0
2020-07-20,29.851,80.535,130.0,310.0,0.5,1200,39.0,1
2023-06-15,30.123,78.2471,29.9,76.0,0.287,382,5.3,0
2023-07-22,30.5332,77.2621,16.3,73.6,0.277,937,11.1,0
2023-06-15,31.3553,76.7812,15.3,74.9,0.257,612,9.8,0
2023-02-15,29.2214,79.4949,1.1,1.2,0.114,420,7.3,0
2023-02-15,29.2102,78.9662,0.8,1.8,0.182,194,2.2,0
2023-03-20,32.2349,78.0202,0.2,5.9,0.131,3712,46.2,0
2023-04-12,30.7633,79.0932,0.8,3.8,0.143,3587,40.8,0
2023-08-05,29.2431,78.9609,30.1,111.0,0.334,237,3.5,0
2023-07-10,31.958,77.112,172.0,410.0,0.54,1280,32.0,1
2021-07-12,32.247,76.353,180.0,410.0,0.55,1780,35.0,1
2023-02-15,29.9335,78.1465,0.9,1.6,0.19,348,3.0,0
2023-03-20,32.3709,77.2758,1.4,9.8,0.11,4015,45.2,0
2023-02-15,30.554,77.3273,0.5,3.7,0.188,944,11.2,0
2020-08-18,31.624,77.285,88.0,220.0,0.44,1620,36.0,1
2023-07-22,30.1249,78.2464,36.2,114.5,0.281,370,7.4,0
2023-02-15,32.2426,78.0135,1.4,2.8,0.13,3664,45.8,0
2023-06-15,30.5292,77.2672,17.0,86.9,0.274,956,11.0,0
2023-03-20,31.5843,78.0868,1.2,1.7,0.126,2550,48.6,0
2023-02-15,30.7452,79.4904,0.8,0.8,0.17,3155,47.2,0
2023-07-02,29.9621,78.1849,32.2,111.2,0.314,315,4.4,0
2023-06-15,30.3234,77.9957,33.9,70.8,0.258,668,7.3,0
2023-02-15,31.3524,76.7262,2.8,6.0,0.193,638,9.2,0
2023-01-10,30.306,78.0681,1.6,5.7,0.126,618,5.0,0
2023-02-15,31.0794,77.193,0.9,1.0,0.118,2463,33.7,0
2023-01-10,29.9121,78.1397,0.1,1.9,0.149,338,3.6,0
2021-10-18,29.598,79.66,145.0,310.0,0.5,1600,28.0,1
2023-07-22,29.2258,78.9762,24.9,70.5,0.355,241,3.8,0
2013-06-16,30.655,79.028,215.0,475.0,0.57,1980,41.0,1
2023-08-05,30.2908,78.0696,39.9,130.7,0.366,666,6.3,0
2023-03-20,30.4423,78.0414,0.0,1.6,0.145,2072,35.8,0
2023-08-05,30.4419,77.6551,26.5,60.9,0.254,409,6.3,0
2023-06-25,30.825,78.385,105.0,260.0,0.47,1620,34.0,1
2023-04-12,32.2275,77.997,2.2,4.7,0.127,3703,44.2,0
2023-03-20,29.8408,80.3408,1.1,2.6,0.118,2321,38.8,0
2023-08-14,31.096,77.165,140.0,365.0,0.5,1980,36.0,1
2023-03-20,30.2905,78.0067,0.4,3.7,0.153,651,5.4,0
2023-04-12,31.5645,78.0769,0.8,1.7,0.146,2548,47.3,0
2023-01-10,30.5753,77.272,0.2,0.3,0.145,930,11.8,0
2023-02-15,32.3986,77.2353,0.9,4.5,0.148,3972,43.9,0
2023-07-02,32.0605,76.2366,36.6,66.6,0.291,714,9.0,0
2023-02-15,32.0937,76.2609,1.1,5.6,0.115,745,7.6,0
2023-03-20,31.4877,76.2767,3.9,6.0,0.139,357,6.1,0
2023-07-02,29.1778,78.9692,47.6,82.4,0.317,235,4.0,0
2023-01-10,29.8173,77.8953,1.4,1.5,0.161,281,1.8,0
2023-08-05,31.4342,76.308,47.5,121.4,0.32,389,4.4,0
2023-04-12,31.0846,77.1933,1.5,5.9,0.132,2426,35.8,0
2013-06-16,30.734,79.066,220.0,490.0,0.58,3584,33.0,1
2023-07-02,30.0862,78.2311,22.0,110.6,0.281,376,5.6,0
2023-01-10,31.3218,76.7801,0.5,12.5,0.196,630,9.5,0
2022-08-20,32.441,76.541,92.0,245.0,0.45,2150,37.0,1
2023-03-20,29.1882,79.5138,1.8,2.9,0.172,402,5.1,0
2023-06-15,32.1343,76.2599,46.6,135.0,0.275,718,6.7,0
