event_id,event_date,latitude,longitude,state,rainfall_1d,rainfall_3d,rainfall_7d,rainfall_15d,rainfall_30d
57,2007-04-11,27.446,88.619,Sikkim,0.01,8.45,9.91,10.18,15.07
78,2007-05-23,27.338,88.607,Sikkim,0.09,2.4,28.81,62.6,91.16
126,2007-07-16,27.15,88.38,Sikkim,15.14,46.44,126.22,167.19,268.15
130,2007-07-19,26.17,91.799,Assam,24.86,59.05,102.7,150.47,266.38
141,2007-07-26,25.38,91.88,Meghalaya,34.95,113.14,176.0,317.79,462.79
142,2007-07-27,25.521,90.232,Meghalaya,34.65,104.6,170.2,385.05,452.12
146,2007-07-30,30.733,78.439,Uttarakhand,58.29,83.93,119.33,211.5,461.66
147,2007-07-30,22.533,92.899,Mizoram,0.31,3.17,25.87,143.21,228.9
148,2007-07-30,22.479,92.967,Mizoram,0.31,3.17,25.87,143.21,228.9
149,2007-07-30,30.557,79.56,Uttarakhand,35.29,62.41,98.8,162.6,338.39
150,2007-07-30,30.4,79.349,Uttarakhand,35.29,62.41,98.8,162.6,338.39
173,2007-08-11,30.07,78.303,Uttarakhand,8.81,24.85,83.8,357.64,509.21
177,2007-08-12,32.733,77.591,Himachal Pradesh,12.5,22.24,43.86,119.56,163.9
178,2007-08-12,32.099,76.267,Himachal Pradesh,8.91,9.84,56.2,141.47,209.94
211,2007-08-26,24.967,93.55,Manipur,5.9,7.74,30.56,85.08,114.31
212,2007-08-26,25.558,91.851,Meghalaya,40.07,55.66,69.77,173.25,357.92
213,2007-08-26,25.295,92.834,Assam,13.28,16.62,43.01,112.83,165.03
215,2007-08-28,25.743,93.914,Nagaland,3.08,14.24,39.03,85.52,121.43
220,2007-08-31,25.133,93.967,Manipur,1.28,4.27,19.59,52.18,103.33
237,2007-09-06,29.583,80.217,Uttarakhand,0.4,36.17,117.56,169.78,307.55
241,2007-09-07,27.201,88.488,Sikkim,48.76,109.89,146.28,204.69,333.64
247,2007-09-08,25.06,93.988,Manipur,19.36,74.29,123.8,145.85,226.53
251,2007-09-09,27.167,88.35,Sikkim,4.33,53.08,140.42,199.91,340.7
252,2007-09-09,25.499,94.119,Manipur,7.1,33.68,96.99,119.93,204.64
255,2007-09-10,24.245,94.069,Manipur,0.73,10.16,46.05,53.75,95.69
256,2007-09-10,27.343,88.624,Sikkim,3.95,11.79,84.86,121.61,221.14
258,2007-09-11,24.428,94.056,Manipur,6.06,13.55,105.1,128.02,203.9
259,2007-09-11,25.52,91.27,Meghalaya,7.02,51.55,272.63,370.33,539.82
260,2007-09-11,27.208,88.491,Sikkim,6.06,18.55,137.3,206.44,336.55
264,2007-09-13,26.183,91.8,Assam,2.25,9.52,143.47,300.49,391.61
269,2007-09-18,27.287,88.282,Sikkim,2.0,5.16,51.6,137.09,216.41
285,2007-09-29,24.129,92.692,Mizoram,4.42,4.61,5.81,15.48,252.3
313,2007-10-16,25.706,94.013,Nagaland,15.77,31.91,39.47,71.89,88.92
319,2007-10-19,25.438,94.116,Manipur,4.3,5.51,37.4,69.66,83.19
322,2007-10-21,24.75,93.433,Manipur,2.38,19.51,65.78,121.83,136.18
481,2008-03-17,32.286,77.161,Himachal Pradesh,0.0,0.0,0.7,0.74,2.1
545,2008-05-20,24.985,92.841,Assam,5.6,22.56,69.88,92.75,127.3
568,2008-06-03,31.208,77.193,Himachal Pradesh,0.25,5.85,14.94,63.94,92.26
580,2008-06-09,24.66,93.978,Manipur,4.16,12.25,17.99,41.96,126.36
585,2008-06-14,27.1,93.629,Arunachal Pradesh,42.4,85.43,148.59,261.42,427.26
587,2008-06-15,27.23,94.099,Assam,1.5,64.37,149.51,252.6,433.44
592,2008-06-18,32.371,77.247,Himachal Pradesh,5.16,12.36,79.16,101.84,136.17
594,2008-06-19,24.934,93.828,Manipur,6.03,24.82,47.27,89.31,140.97
653,2008-07-18,29.33,80.1,Uttarakhand,56.24,143.31,215.2,270.09,359.62
692,2008-08-07,25.705,94.04,Nagaland,0.82,12.78,35.98,92.93,210.21
697,2008-08-08,31.13,77.09,Himachal Pradesh,39.24,51.75,122.25,204.16,333.3
714,2008-08-14,27.163,94.0,Assam,10.32,32.41,71.73,177.3,334.23
715,2008-08-14,31.0,77.12,Himachal Pradesh,28.03,111.29,208.01,328.56,422.73
725,2008-08-17,31.1,77.16,Himachal Pradesh,7.29,41.42,182.94,320.47,432.56
731,2008-08-19,26.138,94.25,Nagaland,29.74,62.14,110.29,187.11,286.31
755,2008-08-28,27.337,88.609,Sikkim,3.56,14.14,30.97,103.28,230.27
760,2008-08-29,25.67,94.107,Nagaland,5.84,16.36,22.51,113.43,240.27
796,2008-09-19,30.56,77.3,Himachal Pradesh,66.0,94.15,100.54,150.92,238.27
797,2008-09-19,31.1,77.165,Himachal Pradesh,114.48,164.66,168.24,211.99,253.72
798,2008-09-19,31.587,78.315,Himachal Pradesh,19.21,28.32,30.56,49.6,91.86
868,2008-10-29,26.333,91.25,Assam,0.03,26.54,52.6,52.6,115.12
869,2008-10-29,27.233,94.117,Assam,0.0,19.84,31.21,31.26,94.98
870,2008-10-29,27.4,92.35,Arunachal Pradesh,0.0,24.16,33.78,33.8,64.78
942,2008-12-21,30.895,77.089,Himachal Pradesh,0.0,1.2,1.3,2.17,2.17
1061,2009-07-01,27.478,88.527,Sikkim,17.12,24.76,41.67,50.88,68.66
1072,2009-08-08,29.589,80.21,Uttarakhand,1.67,24.25,26.85,137.38,279.4
1084,2009-08-12,27.7,92.8,Arunachal Pradesh,17.32,32.27,50.39,109.21,228.18
1097,2009-08-17,29.409,80.133,Uttarakhand,82.16,187.74,243.87,274.09,408.54
1102,2009-08-20,27.264,88.137,Sikkim,38.49,88.84,112.67,157.81,297.18
1108,2009-08-20,24.993,93.5,Manipur,5.16,18.51,97.15,144.53,239.58
1109,2009-08-20,25.522,93.165,Assam,12.55,40.34,100.43,166.12,285.98
1111,2009-08-20,27.134,88.458,Sikkim,47.06,120.65,200.19,274.7,501.12
1112,2009-08-20,27.176,88.529,Sikkim,47.06,120.65,200.19,274.7,501.12
1125,2009-08-26,27.375,88.765,Sikkim,5.78,16.5,52.29,143.9,255.57
1127,2009-08-27,25.172,93.123,Assam,4.12,19.43,59.39,184.11,295.64
1129,2009-08-30,24.863,94.418,Manipur,4.61,5.06,15.64,72.66,217.61
1130,2009-09-01,29.704,78.566,Uttarakhand,5.41,29.14,51.23,106.57,290.24
1134,2009-09-03,32.351,77.223,Himachal Pradesh,8.86,14.38,48.24,57.82,113.47
1149,2009-09-10,31.549,76.9,Himachal Pradesh,29.98,68.74,76.02,183.2,265.05
1153,2009-09-10,31.883,78.617,Himachal Pradesh,13.7,42.13,46.97,72.2,94.65
1154,2009-09-10,32.404,77.58,Himachal Pradesh,13.6,49.11,54.22,103.74,142.55
1157,2009-09-13,31.103,77.163,Himachal Pradesh,0.0,48.21,124.02,222.3,285.94
1168,2009-09-17,27.195,88.612,Sikkim,4.39,10.49,13.42,72.82,225.29
1222,2009-10-05,23.735,92.721,Mizoram,16.64,63.8,74.72,112.34,226.3
1521,2010-02-23,30.381,78.47,Uttarakhand,6.76,7.0,7.0,26.41,39.01
1596,2010-03-28,24.734,93.916,Manipur,1.84,14.11,16.18,18.21,31.89
1611,2010-04-01,25.155,93.028,Assam,40.47,104.47,158.73,163.85,176.46
1613,2010-04-03,27.9,93.35,Arunachal Pradesh,4.73,15.67,41.33,81.63,85.35
1755,2010-04-17,27.334,88.608,Sikkim,0.26,1.83,3.59,4.1,7.11
1756,2010-04-17,27.322,88.609,Sikkim,0.26,1.83,3.59,4.1,7.11
1770,2010-04-20,26.197,91.763,Assam,33.21,123.36,189.67,214.75,297.34
1771,2010-04-20,26.198,91.767,Assam,33.21,123.36,189.67,214.75,297.34
1775,2010-04-21,27.897,96.178,Arunachal Pradesh,46.75,98.64,118.19,208.44,415.19
1776,2010-04-21,25.361,92.285,Meghalaya,22.82,90.58,192.15,219.08,373.26
1857,2010-05-11,25.343,92.29,Meghalaya,12.85,28.61,56.39,112.71,418.07
1929,2010-06-01,27.354,88.643,Sikkim,3.59,11.0,23.83,88.92,120.9
1930,2010-05-31,28.43,95.878,Arunachal Pradesh,10.46,13.68,31.61,98.82,341.89
1934,2010-06-03,24.601,92.381,Assam,54.42,121.7,190.57,371.99,565.7
1935,2010-06-03,23.899,91.76,Tripura,40.65,82.29,196.52,398.53,497.9
1954,2010-06-07,24.754,93.504,Manipur,7.71,43.91,88.84,172.74,281.18
1961,2010-06-09,25.883,91.2,Assam,21.72,69.05,217.88,352.09,501.14
1962,2010-06-09,31.099,77.172,Himachal Pradesh,2.39,91.58,101.28,103.01,107.44
1986,2010-06-15,26.334,94.551,Nagaland,40.07,75.47,135.07,260.58,370.59
1987,2010-06-15,25.227,93.166,Assam,23.82,45.04,129.3,266.81,444.31
1994,2010-06-16,25.063,92.803,Assam,14.74,62.96,129.34,343.77,697.4
1996,2010-06-18,26.433,94.883,Nagaland,10.25,33.6,104.02,237.79,347.47
2025,2010-06-28,25.573,91.885,Meghalaya,49.93,121.2,150.53,253.89,653.89
2026,2010-06-28,25.492,91.27,Meghalaya,47.18,124.26,152.18,260.07,655.21
2040,2010-07-06,30.638,78.33,Uttarakhand,26.59,71.1,108.08,168.0,189.52
2041,2010-07-06,30.249,78.885,Uttarakhand,22.77,87.13,125.41,183.41,206.19
2042,2010-07-06,26.009,94.524,Nagaland,9.14,35.75,73.22,148.76,362.61
2043,2010-07-06,26.723,95.028,Nagaland,13.18,37.16,73.13,147.26,373.06
2044,2010-07-06,25.888,94.786,Nagaland,9.26,32.72,75.34,140.15,355.44
2045,2010-07-06,26.236,94.813,Nagaland,9.26,32.72,75.34,140.15,355.44
2046,2010-07-07,32.373,77.25,Himachal Pradesh,1.98,37.87,56.29,77.27,101.78
2047,2010-07-07,32.219,78.072,Himachal Pradesh,0.85,26.76,42.07,58.57,74.55
2048,2010-07-07,32.66,76.853,Himachal Pradesh,2.28,33.99,52.76,77.49,100.91
2049,2010-07-07,31.504,77.952,Himachal Pradesh,1.23,33.13,57.35,81.69,99.98
2050,2010-07-07,31.645,78.435,Himachal Pradesh,1.23,33.13,57.35,81.69,99.98
2051,2010-07-07,31.101,77.179,Himachal Pradesh,4.11,107.82,183.05,228.05,300.24
2056,2010-07-11,32.304,77.211,Himachal Pradesh,11.24,15.23,54.14,76.6,97.33
2091,2010-07-17,30.636,77.544,Himachal Pradesh,8.04,21.14,56.22,192.03,307.79
2098,2010-07-19,26.722,95.028,Nagaland,13.18,50.87,108.57,186.45,342.81
2103,2010-07-20,29.986,78.612,Uttarakhand,33.57,82.86,111.06,200.15,362.24
2104,2010-07-20,29.36,80.126,Uttarakhand,58.27,159.01,186.97,244.57,405.16
2105,2010-07-20,29.358,79.552,Uttarakhand,65.62,141.84,167.69,250.01,406.79
2106,2010-07-20,26.872,94.992,Nagaland,14.6,56.11,123.67,210.83,359.69
2112,2010-07-21,27.551,88.648,Sikkim,7.3,45.36,99.3,177.1,294.82
2113,2010-07-21,27.377,88.559,Sikkim,7.3,45.36,99.3,177.1,294.82
2120,2010-07-22,29.61,79.663,Uttarakhand,10.73,81.58,167.32,226.12,418.85
2135,2010-07-25,32.207,76.364,Himachal Pradesh,1.8,2.67,189.73,256.11,330.25
2136,2010-07-25,30.904,77.097,Himachal Pradesh,3.31,8.24,111.25,171.1,367.17
2137,2010-07-25,30.559,77.289,Himachal Pradesh,6.05,15.81,128.41,188.86,382.47
2138,2010-07-25,31.093,77.168,Himachal Pradesh,3.31,8.24,111.25,171.1,367.17
2139,2010-07-25,31.105,77.173,Himachal Pradesh,3.31,8.24,111.25,171.1,367.17
2140,2010-07-25,25.048,92.801,Assam,3.43,18.78,96.12,174.7,400.27
2161,2010-07-29,30.747,78.452,Uttarakhand,17.15,33.61,58.16,198.09,375.44
2162,2010-07-29,30.405,79.343,Uttarakhand,16.81,33.27,48.44,154.32,268.75
2163,2010-07-29,25.42,94.105,Manipur,17.06,32.41,58.35,121.52,246.28
2164,2010-07-30,25.31,94.482,Manipur,25.98,57.15,76.73,127.02,270.23
2166,2010-07-29,24.979,93.503,Manipur,19.68,36.42,58.59,132.19,262.53
2182,2010-07-31,24.936,93.844,Manipur,17.28,60.98,86.61,145.14,274.76
2183,2010-07-31,31.066,77.133,Himachal Pradesh,48.47,82.52,115.52,228.41,435.92
2198,2010-08-04,32.757,77.414,Himachal Pradesh,7.51,13.18,54.41,116.39,161.41
2202,2010-08-05,30.407,79.335,Uttarakhand,8.24,29.71,183.67,253.42,370.79
2205,2010-08-06,23.737,92.715,Mizoram,0.38,16.06,42.25,106.7,234.39
2215,2010-08-06,32.371,77.247,Himachal Pradesh,12.31,33.47,83.37,165.18,269.02
2227,2010-08-09,30.646,79.531,Uttarakhand,15.79,41.11,75.5,268.99,398.93
2228,2010-08-09,30.679,78.348,Uttarakhand,24.92,62.81,104.28,356.72,524.55
2229,2010-08-09,30.515,78.368,Uttarakhand,24.92,62.81,104.28,356.72,524.55
2234,2010-08-11,31.958,77.11,Himachal Pradesh,0.48,12.84,65.81,188.0,402.88
2241,2010-08-13,30.802,78.618,Uttarakhand,21.73,26.54,84.49,269.84,412.95
2242,2010-08-13,30.852,76.991,Himachal Pradesh,22.11,24.15,62.26,176.31,333.2
2243,2010-08-13,25.702,94.046,Nagaland,10.61,13.72,16.8,70.99,191.18
2246,2010-08-14,30.901,77.096,Himachal Pradesh,5.36,28.25,61.27,154.05,334.65
2247,2010-08-14,26.148,94.842,Nagaland,11.86,53.09,65.68,107.1,280.21
2248,2010-08-14,26.222,94.915,Nagaland,11.86,53.09,65.68,107.1,280.21
2249,2010-08-14,26.081,94.803,Nagaland,11.86,53.09,65.68,107.1,280.21
2253,2010-08-16,25.31,94.483,Manipur,6.85,23.17,39.13,57.65,189.45
2257,2010-08-16,30.728,79.497,Uttarakhand,3.6,12.12,49.38,126.37,415.3
2263,2010-08-17,26.275,94.665,Nagaland,17.35,49.71,103.86,133.22,284.05
2268,2010-08-18,30.013,79.926,Uttarakhand,34.17,38.52,59.11,129.18,370.47
2281,2010-08-19,25.616,94.116,Nagaland,10.84,27.29,62.5,70.59,191.49
2282,2010-08-19,26.198,94.816,Nagaland,13.74,29.82,94.99,131.29,276.17
2283,2010-08-19,24.896,93.496,Manipur,8.39,19.28,50.65,57.64,195.66
2290,2010-08-20,30.651,79.026,Uttarakhand,9.65,93.78,116.73,238.53,592.43
2291,2010-08-20,30.966,78.415,Uttarakhand,5.92,60.66,74.91,160.05,398.07
2292,2010-08-20,30.818,78.619,Uttarakhand,6.11,63.47,78.99,169.12,418.28
2293,2010-08-20,30.722,78.644,Uttarakhand,9.65,93.78,116.73,238.53,592.43
2294,2010-08-20,30.385,78.837,Uttarakhand,9.65,93.78,116.73,238.53,592.43
2296,2010-08-20,27.167,88.365,Sikkim,5.94,55.21,177.09,215.22,330.36
2304,2010-08-21,25.572,94.121,Manipur,5.7,25.64,59.56,84.9,196.8
2305,2010-08-21,31.53,77.776,Himachal Pradesh,27.35,51.41,108.39,191.63,398.92
2309,2010-08-22,30.424,79.672,Uttarakhand,11.6,55.96,116.68,199.84,438.65
2324,2010-08-25,24.803,93.623,Manipur,2.82,11.14,33.27,78.75,185.64
2339,2010-08-26,30.365,78.064,Uttarakhand,25.84,104.23,200.19,328.48,692.02
2340,2010-08-26,32.703,75.957,Himachal Pradesh,6.34,39.66,79.73,150.68,325.99
2341,2010-08-27,27.232,88.497,Sikkim,28.79,74.96,157.43,337.84,440.41
2343,2010-08-27,25.479,94.133,Manipur,14.5,22.07,36.87,108.47,186.68
2344,2010-08-27,24.751,93.422,Manipur,8.73,15.13,35.38,107.93,221.57
2345,2010-08-27,27.339,88.619,Sikkim,11.94,39.91,93.81,199.19,282.22
2378,2010-09-03,30.135,78.39,Uttarakhand,22.13,90.44,149.93,366.19,620.13
2379,2010-09-03,30.285,78.983,Uttarakhand,20.33,86.83,149.99,362.5,608.54
2380,2010-09-03,30.401,79.028,Uttarakhand,20.33,86.83,149.99,362.5,608.54
2389,2010-09-04,30.5,79.389,Uttarakhand,16.2,53.24,116.35,268.2,428.31
2390,2010-09-04,30.796,78.623,Uttarakhand,11.7,44.92,108.09,260.76,429.88
2391,2010-09-04,30.899,78.34,Uttarakhand,12.86,43.03,103.13,249.49,409.54
2392,2010-09-04,27.37,88.733,Sikkim,2.0,17.97,46.09,144.4,283.13
2397,2010-09-06,32.099,77.15,Himachal Pradesh,2.78,12.99,45.38,118.19,278.56
2405,2010-09-10,28.304,95.411,Arunachal Pradesh,47.91,135.67,230.46,316.54,569.0
2411,2010-09-10,27.001,93.727,Arunachal Pradesh,15.17,73.01,134.58,273.57,530.59
2415,2010-09-12,25.64,94.111,Nagaland,4.38,6.8,35.08,78.13,181.17
2416,2010-09-12,30.733,78.44,Uttarakhand,13.81,44.47,118.09,303.87,642.93
2420,2010-09-13,23.73,92.715,Mizoram,9.93,17.18,36.45,70.49,218.07
2421,2010-09-13,23.754,92.741,Mizoram,11.41,19.1,46.34,102.33,235.41
2422,2010-09-13,23.742,92.714,Mizoram,9.93,17.18,36.45,70.49,218.07
2423,2010-09-13,23.735,92.711,Mizoram,9.93,17.18,36.45,70.49,218.07
2424,2010-09-13,23.591,92.93,Mizoram,5.92,10.64,23.16,48.17,130.81
2425,2010-09-13,23.344,93.075,Mizoram,5.92,10.64,23.16,48.17,130.81
2426,2010-09-13,22.718,92.842,Mizoram,5.13,13.96,29.88,51.74,201.06
2427,2010-09-14,32.311,77.22,Himachal Pradesh,3.09,34.59,48.2,99.9,218.95
2432,2010-09-15,31.414,77.895,Himachal Pradesh,0.99,11.34,37.1,117.9,256.97
2436,2010-09-16,24.307,93.125,Manipur,11.4,30.38,48.75,117.86,205.38
2437,2010-09-16,23.753,92.694,Mizoram,7.76,34.33,58.77,126.66,250.29
2440,2010-09-17,30.754,79.5,Uttarakhand,10.58,29.47,53.98,108.45,244.83
2443,2010-09-18,29.604,79.534,Uttarakhand,53.49,131.47,184.77,322.21,700.53
2444,2010-09-18,29.296,79.54,Uttarakhand,53.49,131.47,184.77,322.21,700.53
2445,2010-09-18,30.145,78.601,Uttarakhand,42.57,119.47,170.99,333.67,714.41
2453,2010-09-19,29.613,79.494,Uttarakhand,68.23,167.47,233.79,360.91,739.89
2454,2010-09-19,30.901,79.532,Uttarakhand,29.35,64.94,93.64,145.48,286.26
2455,2010-09-19,30.104,78.427,Uttarakhand,91.15,167.71,244.04,381.44,762.46
2456,2010-09-19,30.799,79.436,Uttarakhand,29.35,64.94,93.64,145.48,286.26
2457,2010-09-19,31.563,77.98,Himachal Pradesh,30.5,65.25,91.89,155.47,297.96
2458,2010-09-19,30.902,78.776,Uttarakhand,56.47,116.35,168.45,276.01,536.77
2459,2010-09-19,29.548,79.321,Uttarakhand,68.23,167.47,233.79,360.91,739.89
2460,2010-09-19,31.984,77.189,Himachal Pradesh,40.4,61.45,86.62,190.35,356.89
2461,2010-09-19,31.458,78.211,Himachal Pradesh,30.5,65.25,91.89,155.47,297.96
2462,2010-09-19,30.909,77.11,Himachal Pradesh,35.98,56.2,82.43,230.46,393.68
2463,2010-09-19,31.119,77.509,Himachal Pradesh,61.51,118.73,171.84,316.03,594.7
2464,2010-09-19,30.954,77.506,Himachal Pradesh,61.51,118.73,171.84,316.03,594.7
2465,2010-09-19,31.416,77.415,Himachal Pradesh,51.49,87.75,124.75,249.81,463.35
2466,2010-09-19,30.874,76.958,Himachal Pradesh,35.98,56.2,82.43,230.46,393.68
2467,2010-09-19,30.72,77.17,Himachal Pradesh,35.55,58.52,89.49,233.55,402.17
2468,2010-09-19,30.904,77.097,Himachal Pradesh,35.98,56.2,82.43,230.46,393.68
2469,2010-09-19,30.901,77.467,Himachal Pradesh,61.51,118.73,171.84,316.03,594.7
2470,2010-09-19,30.433,78.077,Uttarakhand,81.28,157.38,230.76,366.06,724.34
2471,2010-09-19,29.791,80.058,Uttarakhand,35.55,111.4,157.96,244.21,488.74
2475,2010-09-20,31.158,77.716,Himachal Pradesh,0.55,95.19,160.69,297.25,557.66
2476,2010-09-20,29.338,79.484,Uttarakhand,8.65,130.37,227.29,347.31,707.34
2477,2010-09-21,31.184,76.991,Himachal Pradesh,9.55,46.42,81.7,226.94,373.42
2478,2010-09-20,30.733,78.44,Uttarakhand,1.71,136.33,228.82,361.89,716.27
2479,2010-09-20,31.57,78.284,Himachal Pradesh,0.39,52.08,87.36,145.27,280.34
2480,2010-09-20,31.944,77.118,Himachal Pradesh,1.53,29.71,48.36,165.56,292.61
2488,2010-09-22,31.022,77.104,Himachal Pradesh,40.59,51.03,121.26,247.14,404.3
2538,2010-10-03,30.914,76.818,Himachal Pradesh,0.0,1.71,1.71,113.26,319.97
2539,2010-10-03,28.309,95.415,Arunachal Pradesh,2.35,13.64,31.43,119.95,426.52
2546,2010-10-04,30.955,77.179,Himachal Pradesh,0.0,1.47,1.71,77.28,307.74
2566,2010-10-08,25.477,94.135,Manipur,52.1,92.98,96.35,132.66,238.6
2567,2010-10-08,25.663,94.47,Nagaland,52.1,92.98,96.35,132.66,238.6
2568,2010-10-08,24.768,93.411,Manipur,86.18,138.2,141.73,190.96,313.55
2569,2010-10-08,25.275,94.021,Manipur,53.95,91.32,93.44,131.35,235.71
2570,2010-10-08,24.837,93.913,Manipur,76.95,132.5,135.86,168.78,272.23
2573,2010-10-09,25.18,93.008,Assam,31.14,154.03,172.87,204.95,338.59
2574,2010-10-09,25.475,93.148,Assam,26.53,110.95,121.17,153.27,276.74
2575,2010-10-09,25.524,92.991,Assam,26.53,110.95,121.17,153.27,276.74
2576,2010-10-09,25.479,94.14,Manipur,23.12,99.99,119.47,149.35,256.38
2577,2010-10-09,25.527,93.867,Manipur,26.82,107.81,120.26,149.78,258.3
2578,2010-10-09,25.318,94.046,Manipur,26.82,107.81,120.26,149.78,258.3
2579,2010-10-09,25.682,94.108,Nagaland,23.12,99.99,119.47,149.35,256.38
2587,2010-10-10,25.662,94.107,Nagaland,0.87,76.09,120.34,143.49,255.27
2596,2010-10-15,31.437,78.236,Himachal Pradesh,0.0,0.0,0.0,2.02,99.47
2743,2010-11-22,27.58,91.857,Arunachal Pradesh,0.0,1.5,2.56,2.56,3.26
3141,2011-02-23,30.475,79.229,Uttarakhand,0.0,0.06,0.72,22.51,31.47
3146,2011-02-25,32.187,77.177,Himachal Pradesh,1.73,2.07,2.33,26.96,37.92
3174,2011-03-05,32.1,77.159,Himachal Pradesh,0.0,2.65,5.7,12.55,48.09
3269,2011-03-22,28.079,96.524,Arunachal Pradesh,7.48,55.41,102.32,122.78,130.32
3525,2011-05-22,25.067,93.409,Manipur,12.35,93.39,115.49,140.3,240.83
3532,2011-05-24,25.089,92.855,Assam,15.2,50.01,141.96,173.93,276.17
3556,2011-05-31,25.156,93.847,Manipur,15.72,45.38,50.95,198.72,265.15
3558,2011-05-31,30.921,78.328,Uttarakhand,9.92,26.67,58.15,63.75,75.41
3559,2011-05-31,30.478,78.274,Uttarakhand,10.01,30.78,68.93,76.15,90.05
3560,2011-05-31,24.829,93.594,Manipur,15.72,45.38,50.95,198.72,265.15
3577,2011-06-07,30.532,79.354,Uttarakhand,1.77,14.76,28.51,86.23,95.68
3578,2011-06-07,30.241,78.908,Uttarakhand,2.17,16.47,42.51,103.91,116.64
3611,2011-06-14,32.361,77.231,Himachal Pradesh,4.71,4.72,25.89,56.02,77.07
3618,2011-06-17,31.564,77.98,Himachal Pradesh,4.78,5.08,14.58,44.32,101.78
3619,2011-06-18,27.489,88.445,Sikkim,7.43,17.5,27.47,40.74,89.27
3633,2011-06-20,26.319,94.512,Nagaland,3.79,13.89,32.67,73.33,285.78
3637,2011-06-21,25.516,94.234,Nagaland,8.32,18.31,51.05,102.18,212.23
3643,2011-06-24,27.288,88.258,Sikkim,27.62,58.98,75.32,96.82,133.36
3662,2011-06-28,25.036,94.014,Manipur,12.9,73.66,106.5,169.55,275.16
3663,2011-06-28,25.668,94.11,Nagaland,10.59,57.37,84.92,139.41,248.85
3666,2011-06-29,32.432,77.215,Himachal Pradesh,5.91,18.59,55.28,71.44,127.46
3667,2011-06-29,32.228,77.19,Himachal Pradesh,7.89,23.08,87.81,112.54,193.25
3668,2011-06-29,29.607,79.93,Uttarakhand,62.16,102.51,136.61,153.96,222.01
3669,2011-06-29,30.767,78.796,Uttarakhand,13.13,22.12,92.85,126.36,214.57
3670,2011-06-29,30.676,79.042,Uttarakhand,20.91,31.69,122.73,171.75,274.2
3671,2011-06-29,30.815,78.224,Uttarakhand,12.67,20.58,85.78,118.69,200.19
3672,2011-06-29,25.513,93.361,Assam,20.83,75.23,123.36,179.46,266.14
3673,2011-06-29,30.242,78.9,Uttarakhand,19.47,27.06,113.47,160.99,259.69
3674,2011-06-29,30.067,79.019,Uttarakhand,19.47,27.06,113.47,160.99,259.69
3678,2011-06-30,30.15,78.775,Uttarakhand,46.98,71.26,146.92,202.65,301.3
3683,2011-07-01,25.878,94.174,Nagaland,19.89,41.75,91.78,151.44,246.03
3737,2011-07-06,30.321,78.032,Uttarakhand,33.56,71.18,103.01,217.12,313.45
3738,2011-07-06,24.806,93.948,Manipur,2.82,30.15,52.12,176.84,295.2
3741,2011-07-07,25.419,94.108,Manipur,2.6,11.26,55.45,155.03,247.4
3745,2011-07-08,30.921,77.021,Himachal Pradesh,5.59,27.12,40.05,166.61,229.33
3746,2011-07-08,30.651,79.519,Uttarakhand,1.5,29.85,55.09,173.07,253.51
3747,2011-07-08,32.324,77.194,Himachal Pradesh,1.96,15.71,26.09,83.58,128.05
3749,2011-07-09,30.741,79.493,Uttarakhand,6.04,11.87,60.94,162.45,243.41
3750,2011-07-09,30.765,78.593,Uttarakhand,8.67,16.28,68.05,146.74,239.21
3751,2011-07-09,30.733,79.069,Uttarakhand,6.04,11.87,60.94,162.45,243.41
3752,2011-07-09,31.019,78.413,Uttarakhand,7.4,13.85,64.38,136.06,223.42
3756,2011-07-10,31.71,76.933,Himachal Pradesh,14.11,34.86,66.52,126.02,249.39
3757,2011-07-10,30.733,78.44,Uttarakhand,18.9,30.58,111.59,211.4,337.56
3759,2011-07-11,30.506,79.113,Uttarakhand,4.67,27.47,82.35,156.16,253.08
3760,2011-07-11,25.67,94.11,Nagaland,0.1,1.79,14.8,114.69,230.9
3763,2011-07-12,31.106,77.178,Himachal Pradesh,0.18,13.58,58.16,93.53,241.7
3776,2011-07-15,27.125,93.715,Arunachal Pradesh,22.61,108.87,132.86,269.57,416.47
3777,2011-07-15,32.349,77.218,Himachal Pradesh,21.89,37.6,49.46,78.36,152.46
3789,2011-07-16,27.274,92.906,Arunachal Pradesh,2.2,79.4,131.24,223.79,399.8
3806,2011-07-19,27.103,93.688,Arunachal Pradesh,58.61,136.8,253.15,298.1,532.64
3813,2011-07-20,27.114,88.466,Sikkim,13.06,61.35,107.98,206.34,493.9
3819,2011-07-21,30.404,79.332,Uttarakhand,3.31,49.89,109.6,161.66,339.31
3820,2011-07-21,30.167,78.112,Uttarakhand,5.37,70.18,162.89,230.74,459.71
3821,2011-07-21,29.733,79.637,Uttarakhand,8.12,46.77,147.49,248.26,553.83
3830,2011-07-22,24.353,94.343,Manipur,5.5,39.36,128.4,198.77,348.17
3831,2011-07-22,24.799,93.948,Manipur,6.93,43.74,140.61,216.52,390.13
3837,2011-07-24,26.584,93.004,Assam,2.3,44.38,122.91,203.52,386.35
3839,2011-07-25,32.19,77.187,Himachal Pradesh,2.78,24.24,47.52,143.12,260.25
3840,2011-07-25,24.687,93.916,Manipur,2.86,6.69,86.47,208.01,357.0
3859,2011-07-29,30.012,78.197,Uttarakhand,8.04,86.88,122.43,291.87,481.74
3860,2011-07-29,25.419,94.108,Manipur,4.21,9.26,33.41,200.77,300.12
3881,2011-08-05,27.103,93.689,Arunachal Pradesh,21.34,48.21,57.1,226.79,521.8
3884,2011-08-07,31.691,77.132,Himachal Pradesh,6.55,31.34,52.03,131.32,305.55
3888,2011-08-07,31.24,77.926,Himachal Pradesh,0.14,23.85,45.03,148.93,310.76
3889,2011-08-07,31.708,76.932,Himachal Pradesh,6.55,31.34,52.03,131.32,305.55
3890,2011-08-07,31.715,77.022,Himachal Pradesh,6.55,31.34,52.03,131.32,305.55
3894,2011-08-07,31.077,77.392,Himachal Pradesh,0.65,31.23,56.82,171.45,380.55
3895,2011-08-07,31.077,77.391,Himachal Pradesh,0.65,31.23,56.82,171.45,380.55
3899,2011-08-08,30.226,78.376,Uttarakhand,0.75,12.03,59.14,201.35,446.64
3900,2011-08-08,30.652,79.557,Uttarakhand,1.11,3.82,40.96,141.08,318.15
3905,2011-08-10,30.283,78.304,Uttarakhand,5.26,10.01,54.07,199.99,419.7
3912,2011-08-12,27.44,92.283,Arunachal Pradesh,6.41,9.64,28.55,86.72,289.16
3913,2011-08-12,29.912,78.172,Uttarakhand,9.96,25.21,40.32,144.53,444.69
3914,2011-08-12,28.867,79.568,Uttarakhand,16.85,31.87,47.64,128.72,319.64
3916,2011-08-13,25.771,93.807,Nagaland,9.88,16.2,56.43,120.03,318.92
3917,2011-08-13,31.708,76.931,Himachal Pradesh,14.49,56.36,96.04,152.97,343.64
3925,2011-08-15,27.489,93.015,Arunachal Pradesh,42.1,67.64,79.22,144.74,465.07
3927,2011-08-16,25.514,90.217,Meghalaya,136.4,164.09,246.72,511.16,644.61
3932,2011-08-18,25.83,94.13,Nagaland,4.67,37.16,91.83,194.32,306.79
3943,2011-08-23,27.139,88.226,Sikkim,18.66,46.72,104.73,282.04,499.37
3944,2011-08-25,27.734,88.633,Sikkim,4.66,42.6,65.15,176.49,300.86
3965,2011-09-06,24.808,93.117,Assam,22.29,30.58,45.24,83.57,305.33
3983,2011-09-23,26.155,91.735,Assam,10.55,36.67,79.84,202.44,249.06
3997,2011-09-30,27.516,88.558,Sikkim,0.02,0.22,42.89,122.06,169.03
4090,2011-12-10,29.913,79.353,Uttarakhand,0.0,3.48,3.62,3.62,3.62
4202,2012-02-16,32.566,76.12,Himachal Pradesh,0.0,0.97,14.97,22.32,23.91
4240,2012-03-04,29.58,80.212,Uttarakhand,0.09,0.09,0.09,0.09,2.2
4241,2012-03-04,25.16,93.68,Manipur,0.04,8.26,13.66,13.84,14.4
4313,2012-04-08,28.466,95.86,Arunachal Pradesh,3.12,12.66,15.87,48.45,63.06
4377,2012-06-02,26.148,91.736,Assam,12.72,43.71,113.79,140.23,184.34
4378,2012-06-02,28.825,96.152,Arunachal Pradesh,4.69,12.46,14.98,25.87,73.49
4382,2012-06-03,25.118,92.857,Assam,27.34,76.45,112.95,141.29,189.89
4383,2012-06-03,25.306,93.127,Assam,26.59,84.45,114.11,144.31,192.91
4384,2012-06-03,25.178,93.012,Assam,27.34,76.45,112.95,141.29,189.89
4385,2012-06-03,27.717,88.558,Sikkim,0.37,5.51,34.32,36.5,71.45
4392,2012-06-06,29.241,95.976,Arunachal Pradesh,4.01,16.89,37.8,50.58,97.98
4393,2012-06-07,27.757,88.632,Sikkim,0.05,2.27,4.79,12.4,20.7
4394,2012-06-07,27.175,88.646,Sikkim,0.08,19.22,36.78,99.4,137.94
4403,2012-06-10,24.814,93.544,Manipur,5.93,7.31,42.21,128.82,170.59
4407,2012-06-13,25.095,92.357,Meghalaya,38.73,97.96,142.77,359.44,488.19
4408,2012-06-13,25.55,92.076,Meghalaya,27.68,87.41,124.29,363.83,483.57
4411,2012-06-14,27.339,88.607,Sikkim,0.38,1.05,3.53,33.94,51.06
4424,2012-06-20,26.149,91.735,Assam,32.69,36.57,116.35,194.5,463.87
4426,2012-06-22,26.123,91.716,Assam,43.46,79.73,89.48,225.09,503.09
4434,2012-06-25,26.105,91.737,Assam,100.21,151.86,234.0,361.67,647.02
4435,2012-06-25,27.174,95.801,Arunachal Pradesh,36.02,76.5,135.79,249.31,403.09
4436,2012-06-25,26.999,95.499,Arunachal Pradesh,36.02,76.5,135.79,249.31,403.09
4445,2012-07-05,30.128,78.322,Uttarakhand,0.17,24.26,64.65,104.75,109.29
4446,2012-07-05,28.999,94.889,Arunachal Pradesh,4.3,30.75,65.95,179.18,289.14
4447,2012-07-05,31.107,77.209,Himachal Pradesh,0.39,16.4,51.6,88.04,90.96
4472,2012-08-14,30.736,78.44,Uttarakhand,22.44,42.58,100.35,253.44,411.73
4481,2012-08-17,30.659,79.561,Uttarakhand,21.94,49.22,94.13,209.01,329.0
4487,2012-08-17,30.618,78.323,Uttarakhand,35.39,81.68,146.94,310.83,470.12
4497,2012-08-18,32.228,78.071,Himachal Pradesh,26.44,39.23,67.05,95.75,154.98
4498,2012-08-18,32.18,77.195,Himachal Pradesh,41.28,61.51,108.54,163.36,267.05
4513,2012-08-24,32.1,76.27,Himachal Pradesh,9.32,43.62,67.2,119.52,182.38
4514,2012-08-24,31.709,76.931,Himachal Pradesh,9.58,37.17,98.19,172.4,266.35
4515,2012-08-24,30.74,77.285,Himachal Pradesh,23.86,41.38,178.99,336.5,552.97
4516,2012-08-24,30.904,77.097,Himachal Pradesh,8.65,30.54,97.12,169.27,266.95
4550,2012-09-14,30.285,78.983,Uttarakhand,22.52,77.03,105.32,158.69,444.76
4551,2012-09-14,29.841,79.776,Uttarakhand,10.09,28.12,39.13,73.02,223.12
4556,2012-09-16,27.168,88.365,Sikkim,36.17,98.58,150.96,177.91,343.09
4565,2012-09-18,31.023,77.103,Himachal Pradesh,14.44,69.09,128.49,188.57,297.29
4569,2012-09-19,27.839,88.556,Sikkim,1.38,6.43,37.52,53.42,112.6
4570,2012-09-19,27.846,95.225,Arunachal Pradesh,62.91,108.4,203.85,348.6,632.71
4571,2012-09-19,27.656,88.605,Sikkim,5.16,19.03,89.34,112.09,220.17
4610,2012-11-11,23.771,92.522,Mizoram,0.0,0.09,28.72,36.13,36.8
4757,2013-02-18,28.119,95.165,Arunachal Pradesh,2.93,5.34,5.34,5.34,5.34
4798,2013-04-07,28.825,96.151,Arunachal Pradesh,0.08,5.32,14.62,36.31,54.52
4845,2013-05-07,24.232,92.676,Mizoram,55.11,132.57,243.11,277.93,335.05
4848,2013-05-08,24.09,91.466,Tripura,45.59,126.29,207.05,260.08,294.94
4857,2013-05-11,23.728,92.718,Mizoram,21.06,76.18,247.9,387.9,434.86
4858,2013-05-11,26.166,91.714,Assam,38.98,109.25,235.03,337.59,409.56
4859,2013-05-11,26.177,91.76,Assam,38.98,109.25,235.03,337.59,409.56
4860,2013-05-11,26.102,91.691,Assam,38.98,109.25,235.03,337.59,409.56
4861,2013-05-12,24.993,93.495,Manipur,10.44,45.62,108.43,240.21,298.18
4892,2013-06-01,27.878,94.25,Arunachal Pradesh,10.89,21.72,51.05,106.93,249.4
4905,2013-06-07,26.098,94.703,Nagaland,9.11,20.54,30.52,64.87,191.56
4906,2013-06-07,26.098,94.75,Nagaland,9.11,20.54,30.52,64.87,191.56
4908,2013-06-08,27.372,88.708,Sikkim,10.3,15.09,35.18,111.1,164.71
4912,2013-06-12,31.49,76.704,Himachal Pradesh,12.41,37.0,39.53,42.97,43.72
4913,2013-06-12,31.488,76.67,Himachal Pradesh,12.41,37.0,39.53,42.97,43.72
4914,2013-06-13,30.739,78.531,Uttarakhand,60.54,87.48,106.93,120.78,122.19
4916,2013-06-12,32.211,76.283,Himachal Pradesh,17.95,39.74,40.03,41.61,43.54
4917,2013-06-12,32.555,76.125,Himachal Pradesh,10.27,28.96,29.03,31.97,37.8
4920,2013-06-15,31.517,78.098,Himachal Pradesh,46.03,90.81,112.13,115.54,120.23
4924,2013-06-17,30.735,79.067,Uttarakhand,57.07,228.69,303.23,328.26,336.01
4925,2013-06-16,31.455,78.2,Himachal Pradesh,84.99,152.11,195.97,200.53,205.22
4926,2013-06-16,30.674,77.354,Himachal Pradesh,153.7,286.17,391.94,401.2,409.24
4927,2013-06-16,30.573,77.652,Himachal Pradesh,153.7,286.17,391.94,401.2,409.24
4928,2013-06-16,30.462,79.077,Uttarakhand,116.18,191.89,260.12,271.19,278.94
4929,2013-06-16,30.495,78.388,Uttarakhand,158.4,294.73,390.77,401.08,410.15
4930,2013-06-16,30.885,78.67,Uttarakhand,119.62,239.74,312.27,320.16,327.52
4931,2013-06-16,29.799,80.417,Uttarakhand,16.06,20.82,42.93,59.39,65.96
4932,2013-06-16,31.348,77.461,Himachal Pradesh,129.03,220.07,291.17,296.92,302.59
4933,2013-06-16,31.599,78.438,Himachal Pradesh,102.57,166.77,212.94,217.8,222.73
4936,2013-06-17,30.695,79.054,Uttarakhand,92.71,364.97,481.23,506.51,515.94
4940,2013-06-17,30.307,78.017,Uttarakhand,87.77,352.92,463.42,488.85,497.92
4943,2013-06-17,29.599,79.659,Uttarakhand,58.3,193.41,253.36,292.24,306.46
4946,2013-06-17,31.622,78.019,Himachal Pradesh,45.33,176.35,228.39,245.86,250.55
4949,2013-06-18,30.38,78.502,Uttarakhand,2.13,254.0,459.51,508.14,518.07
4966,2013-06-19,29.594,79.681,Uttarakhand,1.01,66.24,233.83,299.43,314.4
4974,2013-06-24,30.409,79.058,Uttarakhand,39.59,80.54,82.83,578.28,598.77
4975,2013-06-25,30.252,78.923,Uttarakhand,42.31,96.05,123.01,606.37,641.08
4978,2013-06-24,30.454,78.391,Uttarakhand,43.31,82.44,84.38,562.92,582.3
4990,2013-06-28,27.377,88.763,Sikkim,8.01,39.04,87.3,116.2,220.63
5005,2013-07-01,26.72,95.029,Nagaland,14.44,33.33,111.85,178.09,271.64
5006,2013-07-01,26.115,94.386,Nagaland,9.11,27.57,97.88,146.0,195.91
5013,2013-07-03,31.072,77.14,Himachal Pradesh,2.37,13.91,33.62,75.99,355.58
5022,2013-07-04,29.58,80.221,Uttarakhand,1.14,10.42,32.27,276.32,471.85
5023,2013-07-04,30.071,80.239,Uttarakhand,0.72,9.99,28.86,180.58,362.51
5024,2013-07-04,30.172,80.858,Uttarakhand,0.51,7.65,21.5,135.94,219.95
5043,2013-07-06,31.991,76.791,Himachal Pradesh,3.04,20.0,29.14,76.07,317.9
5044,2013-07-06,31.163,77.724,Himachal Pradesh,7.01,14.36,37.34,153.51,576.01
5047,2013-07-07,31.88,76.916,Himachal Pradesh,17.96,37.72,46.97,88.81,335.76
5049,2013-07-07,31.56,77.168,Himachal Pradesh,21.83,35.69,48.29,99.65,383.16
5050,2013-07-07,31.703,76.936,Himachal Pradesh,21.83,35.69,48.29,99.65,383.16
5051,2013-07-07,31.702,76.973,Himachal Pradesh,21.83,35.69,48.29,99.65,383.16
5052,2013-07-07,31.709,76.93,Himachal Pradesh,21.83,35.69,48.29,99.65,383.16
5053,2013-07-07,31.967,76.852,Himachal Pradesh,17.96,37.72,46.97,88.81,335.76
5054,2013-07-07,31.702,76.942,Himachal Pradesh,21.83,35.69,48.29,99.65,383.16
5068,2013-07-10,30.363,79.214,Uttarakhand,2.64,28.23,90.72,139.12,548.19
5084,2013-07-13,25.616,94.117,Nagaland,7.57,78.03,127.84,206.92,313.46
5086,2013-07-12,29.38,79.463,Uttarakhand,4.75,27.56,173.69,216.28,655.49
5087,2013-07-12,25.627,94.114,Nagaland,18.68,107.07,129.82,203.86,306.22
5088,2013-07-12,29.38,79.463,Uttarakhand,4.75,27.56,173.69,216.28,655.49
5097,2013-07-14,31.471,77.675,Himachal Pradesh,4.74,12.69,83.61,143.73,477.82
5098,2013-07-14,32.17,77.179,Himachal Pradesh,4.28,7.78,113.59,160.69,346.95
5099,2013-07-14,30.674,77.354,Himachal Pradesh,5.66,22.02,88.8,188.41,675.31
5100,2013-07-14,31.673,76.534,Himachal Pradesh,3.21,4.16,109.38,148.56,240.69
5107,2013-07-15,25.627,94.114,Nagaland,14.57,35.52,150.03,214.78,338.29
5122,2013-07-17,25.766,93.941,Nagaland,5.65,24.17,83.82,154.53,322.05
5123,2013-07-17,25.713,94.089,Nagaland,3.66,25.34,116.75,200.15,344.76
5129,2013-07-18,30.404,79.331,Uttarakhand,7.0,51.91,71.87,167.58,318.39
5130,2013-07-18,30.731,78.435,Uttarakhand,8.45,64.93,96.46,210.25,390.3
5139,2013-07-19,30.072,80.237,Uttarakhand,15.67,54.33,89.61,218.07,398.65
5176,2013-07-23,30.194,79.194,Uttarakhand,1.8,58.58,156.95,237.16,531.71
5177,2013-07-23,30.29,79.151,Uttarakhand,1.35,40.62,102.63,159.95,362.23
5178,2013-07-24,30.461,79.477,Uttarakhand,15.7,26.23,96.52,169.02,342.6
5179,2013-07-24,30.262,79.219,Uttarakhand,15.7,26.23,96.52,169.02,342.6
5181,2013-07-24,30.273,79.233,Uttarakhand,15.7,26.23,96.52,169.02,342.6
5182,2013-07-24,30.301,79.363,Uttarakhand,15.7,26.23,96.52,169.02,342.6
5183,2013-07-24,30.306,79.329,Uttarakhand,15.7,26.23,96.52,169.02,342.6
5184,2013-07-24,30.906,78.091,Uttarakhand,13.91,21.36,81.91,152.74,292.75
5195,2013-07-25,30.404,79.328,Uttarakhand,5.77,22.82,95.29,172.15,311.27
5196,2013-07-25,30.893,78.48,Uttarakhand,1.54,17.56,82.59,167.13,302.54
5197,2013-07-25,30.82,78.619,Uttarakhand,1.54,17.56,82.59,167.13,302.54
5198,2013-07-25,30.893,78.48,Uttarakhand,1.54,17.56,82.59,167.13,302.54
5199,2013-07-25,30.787,78.617,Uttarakhand,1.54,17.56,82.59,167.13,302.54
5208,2013-07-26,30.284,79.25,Uttarakhand,1.45,22.92,79.8,168.61,308.05
5209,2013-07-26,30.654,78.337,Uttarakhand,1.04,25.6,94.52,213.45,387.83
5214,2013-07-27,31.893,78.63,Himachal Pradesh,0.26,1.65,17.97,73.42,123.57
5215,2013-07-27,30.452,78.754,Uttarakhand,2.09,8.34,82.42,231.18,407.7
5224,2013-07-28,29.996,80.201,Uttarakhand,14.7,19.55,77.02,204.52,357.45
5225,2013-07-28,30.819,78.615,Uttarakhand,19.65,21.44,44.48,171.88,305.1
5240,2013-07-31,30.382,78.095,Uttarakhand,24.14,49.02,82.37,228.98,424.11
5241,2013-07-31,29.595,79.663,Uttarakhand,18.81,42.35,96.7,308.51,548.91
5250,2013-08-01,27.884,93.052,Arunachal Pradesh,9.91,35.1,51.34,174.23,309.29
5268,2013-08-04,26.014,94.516,Nagaland,5.78,14.93,47.43,109.0,290.88
5269,2013-08-04,25.838,94.523,Nagaland,5.78,14.93,47.43,109.0,290.88
5270,2013-08-04,26.048,94.462,Nagaland,5.78,14.93,47.43,109.0,290.88
5271,2013-08-04,26.284,94.581,Nagaland,5.53,15.66,54.81,135.7,307.87
5272,2013-08-04,26.208,94.544,Nagaland,5.78,14.93,47.43,109.0,290.88
5273,2013-08-04,26.181,94.55,Nagaland,5.78,14.93,47.43,109.0,290.88
5274,2013-08-04,26.084,94.564,Nagaland,5.78,14.93,47.43,109.0,290.88
5275,2013-08-04,26.15,94.606,Nagaland,5.78,14.93,47.43,109.0,290.88
5285,2013-08-05,29.566,80.366,Uttarakhand,9.38,21.01,44.2,145.29,394.77
5290,2013-08-07,32.232,76.304,Himachal Pradesh,11.97,129.07,184.92,212.08,387.86
5300,2013-08-09,25.318,94.044,Manipur,1.71,17.09,68.88,125.01,300.4
5312,2013-08-12,26.71,94.693,Nagaland,19.89,27.16,92.37,186.13,361.87
5320,2013-08-13,30.601,78.345,Uttarakhand,23.95,51.88,102.11,285.7,519.8
5334,2013-08-16,32.361,77.304,Himachal Pradesh,12.67,48.84,75.22,171.3,254.54
5336,2013-08-16,26.39,94.944,Nagaland,39.28,53.14,98.45,220.68,387.63
5337,2013-08-16,26.421,94.973,Nagaland,39.28,53.14,98.45,220.68,387.63
5338,2013-08-16,26.873,94.928,Nagaland,36.7,45.85,83.15,219.67,404.03
5343,2013-08-18,24.763,93.434,Manipur,5.43,24.39,123.53,216.56,336.38
5346,2013-08-17,31.034,78.725,Uttarakhand,20.72,41.8,88.17,229.67,379.89
5347,2013-08-17,30.729,78.44,Uttarakhand,28.74,59.6,124.47,317.08,539.89
5358,2013-08-18,30.664,78.057,Uttarakhand,2.62,41.26,100.51,264.67,487.79
5359,2013-08-18,30.742,78.454,Uttarakhand,2.33,42.41,108.1,281.27,519.71
5360,2013-08-18,30.364,79.316,Uttarakhand,2.24,26.45,73.51,178.08,344.63
5361,2013-08-18,31.083,78.066,Uttarakhand,1.9,28.05,72.06,188.93,341.24
5365,2013-08-20,30.629,78.33,Uttarakhand,13.34,19.02,81.67,222.65,447.44
5382,2013-08-21,31.538,77.374,Himachal Pradesh,15.31,31.84,93.45,187.01,375.42
5410,2013-08-28,29.953,78.151,Uttarakhand,7.07,24.06,39.19,146.79,434.52
5421,2013-08-30,26.421,94.973,Nagaland,7.63,44.85,79.68,165.63,350.44
5427,2013-08-15,25.383,94.188,Manipur,4.08,74.99,91.33,175.09,275.76
5429,2013-09-01,27.343,88.243,Sikkim,4.12,12.85,49.72,90.66,273.75
5430,2013-09-01,24.904,93.487,Manipur,5.42,8.29,54.14,89.99,293.88
5431,2013-09-01,24.983,93.506,Manipur,5.42,8.29,54.14,89.99,293.88
5441,2013-09-02,28.611,94.983,Arunachal Pradesh,24.66,57.5,122.63,160.25,401.7
5442,2013-09-02,27.161,93.753,Arunachal Pradesh,40.7,70.95,160.05,214.7,439.7
5476,2013-09-07,27.374,88.732,Sikkim,5.47,27.37,61.64,118.27,224.6
5485,2013-09-08,27.605,88.646,Sikkim,1.77,18.96,59.88,119.47,216.26
5552,2013-09-24,25.099,94.362,Manipur,0.3,0.56,1.4,79.51,257.66
5567,2013-09-30,30.6,78.315,Uttarakhand,7.21,16.05,31.8,46.27,133.6
5575,2013-10-06,25.827,94.15,Nagaland,13.73,43.76,50.59,85.88,178.33
5582,2013-10-06,26.131,91.838,Assam,62.76,151.09,174.79,249.97,276.04
5584,2013-10-06,26.167,91.705,Assam,62.76,151.09,174.79,249.97,276.04
5598,2013-10-11,32.367,77.086,Himachal Pradesh,14.39,14.39,15.33,28.01,44.5
5603,2013-10-14,25.426,94.602,Manipur,0.0,0.04,7.85,60.56,119.96
5608,2013-10-16,30.535,79.085,Uttarakhand,0.36,0.36,5.43,17.43,55.03
5611,2013-10-18,30.535,79.085,Uttarakhand,0.03,0.39,0.57,13.42,55.06
5864,2014-02-12,31.825,77.47,Himachal Pradesh,0.0,0.05,14.98,15.76,70.21
6015,2014-05-08,27.903,96.174,Arunachal Pradesh,33.77,55.08,62.54,77.05,98.57
6016,2014-05-10,24.867,92.358,Assam,19.55,108.23,176.72,235.2,238.06
6105,2014-06-27,28.921,95.343,Arunachal Pradesh,14.77,18.84,30.77,79.53,112.18
6106,2014-06-27,26.141,91.765,Assam,6.85,21.91,150.58,297.77,349.14
6107,2014-06-27,26.184,91.79,Assam,6.85,21.91,150.58,297.77,349.14
6110,2014-06-27,26.162,91.77,Assam,6.85,21.91,150.58,297.77,349.14
6112,2014-06-28,26.196,91.765,Assam,10.84,31.92,109.1,284.5,354.92
6143,2014-07-14,23.733,92.746,Mizoram,4.46,14.06,35.85,99.58,446.56
6162,2014-07-19,30.431,78.08,Uttarakhand,19.59,47.41,133.06,169.22,203.13
6167,2014-07-20,30.633,78.995,Uttarakhand,10.51,48.53,115.02,189.06,225.63
6177,2014-07-24,29.159,79.146,Uttarakhand,3.88,15.39,144.47,200.83,275.95
6184,2014-07-28,29.583,80.218,Uttarakhand,34.95,65.07,109.57,364.98,438.22
6200,2014-08-17,27.087,93.609,Arunachal Pradesh,4.65,43.69,146.25,235.39,447.42
6213,2014-09-24,25.814,90.576,Meghalaya,9.55,193.47,324.36,398.67,447.95
6214,2014-10-05,25.97,91.859,Meghalaya,0.0,0.0,0.02,276.18,387.35
6222,2014-10-01,27.125,93.771,Arunachal Pradesh,0.0,0.01,81.07,271.83,424.95
6247,2014-10-15,31.016,77.099,Himachal Pradesh,0.09,8.4,8.4,17.82,26.72
6282,2014-09-22,26.11,91.775,Assam,126.76,191.59,231.7,267.93,354.68
6283,2014-09-22,26.131,91.755,Assam,126.76,191.59,231.7,267.93,354.68
6284,2014-09-22,26.132,91.834,Assam,126.76,191.59,231.7,267.93,354.68
6285,2014-09-22,26.159,91.818,Assam,126.76,191.59,231.7,267.93,354.68
6286,2014-09-22,26.104,91.708,Assam,126.76,191.59,231.7,267.93,354.68
6287,2014-09-22,26.13,91.706,Assam,126.76,191.59,231.7,267.93,354.68
6288,2014-09-22,26.199,91.8,Assam,126.76,191.59,231.7,267.93,354.68
6289,2014-09-22,26.1,91.685,Assam,126.76,191.59,231.7,267.93,354.68
6290,2014-09-23,25.577,91.867,Meghalaya,73.98,252.28,349.11,400.87,530.74
6291,2014-09-21,25.735,90.385,Meghalaya,58.74,149.12,181.87,240.28,412.63
6292,2014-09-23,25.724,89.903,Assam,13.14,178.28,279.82,388.88,480.66
6293,2014-10-20,25.501,90.09,Meghalaya,0.0,0.07,8.69,36.88,268.38
6310,2012-08-06,30.488,78.037,Uttarakhand,0.03,62.45,130.08,239.02,367.49
6331,2014-09-08,25.947,94.628,Nagaland,3.11,20.52,21.92,53.51,230.72
6337,2014-09-10,31.777,76.983,Himachal Pradesh,0.97,1.4,218.46,306.74,364.65
6341,2014-09-11,30.688,79.048,Uttarakhand,4.66,9.21,49.19,81.27,251.57
6510,2014-08-15,30.118,78.747,Uttarakhand,77.74,114.15,159.41,327.55,488.85
6513,2014-08-15,23.014,91.717,Tripura,50.82,197.86,255.39,312.35,471.59
6525,2014-08-18,30.994,78.459,Uttarakhand,3.46,14.59,112.61,222.45,322.6
6538,2014-08-21,31.522,78.135,Himachal Pradesh,0.17,0.24,37.97,85.29,166.33
6552,2014-08-26,31.559,77.928,Himachal Pradesh,0.88,0.88,1.2,61.29,149.95
6775,2015-02-14,26.147,91.647,Assam,0.26,0.26,0.26,0.26,2.05
6786,2015-02-20,24.611,92.562,Assam,0.0,10.95,11.17,11.17,11.21
6851,2015-03-10,32.561,76.124,Himachal Pradesh,0.0,16.83,27.92,145.62,191.59
6928,2015-03-31,30.615,79.81,Uttarakhand,0.39,32.27,33.11,33.2,105.95
6945,2015-06-19,25.16,93.686,Manipur,1.74,5.62,28.44,108.65,182.72
6947,2015-06-21,30.026,78.628,Uttarakhand,5.63,18.78,23.36,28.91,30.82
6963,2015-06-19,23.713,92.736,Mizoram,4.32,6.93,47.01,132.52,251.62
6968,2015-06-13,25.463,92.212,Meghalaya,32.26,105.13,265.65,377.71,590.6
6969,2015-06-16,25.511,90.215,Meghalaya,27.16,62.64,230.34,248.16,409.65
6970,2015-06-16,25.508,90.219,Meghalaya,27.16,62.64,230.34,248.16,409.65
6971,2015-06-09,27.099,93.816,Arunachal Pradesh,44.35,137.97,228.36,382.26,593.82
6990,2015-06-24,26.032,94.547,Nagaland,13.93,42.27,87.83,166.46,382.43
7012,2015-06-25,30.684,79.048,Uttarakhand,25.46,29.94,48.35,55.71,57.69
7031,2015-05-24,27.616,88.659,Sikkim,0.21,9.49,26.27,53.52,83.83
7084,2015-07-06,29.393,79.453,Uttarakhand,42.12,59.38,101.53,274.32,307.15
7110,2015-04-30,30.557,79.554,Uttarakhand,1.82,2.92,4.62,9.36,44.09
7111,2015-04-28,30.563,79.577,Uttarakhand,1.06,2.35,2.76,14.89,61.85
7159,2015-07-10,29.391,79.455,Uttarakhand,36.45,61.82,134.01,275.61,381.74
7160,2015-07-11,30.38,78.486,Uttarakhand,39.29,84.47,157.46,234.15,294.28
7161,2015-07-11,30.241,78.9,Uttarakhand,66.14,110.05,191.6,280.78,357.11
7185,2015-04-03,32.293,77.18,Himachal Pradesh,8.72,16.68,52.09,52.93,94.17
7214,2015-07-15,27.36,93.039,Arunachal Pradesh,40.53,70.31,77.28,155.47,381.05
7215,2015-07-14,32.247,78.037,Himachal Pradesh,0.51,54.34,134.46,199.81,263.48
7224,2015-07-19,30.73,78.438,Uttarakhand,0.64,11.66,57.37,228.45,348.13
7226,2015-07-18,32.224,76.323,Himachal Pradesh,32.47,106.08,170.29,279.82,362.12
7227,2015-07-19,30.071,80.236,Uttarakhand,0.97,5.4,17.91,128.57,276.19
7249,2015-07-13,31.085,77.167,Himachal Pradesh,36.99,144.96,198.09,288.73,361.27
7253,2015-07-22,24.798,92.997,Assam,18.11,52.6,152.6,266.7,429.08
7263,2015-07-22,25.448,94.049,Manipur,10.3,41.39,117.9,173.9,325.49
7264,2015-07-22,25.454,93.983,Manipur,10.3,41.39,117.9,173.9,325.49
7265,2015-07-22,25.501,93.985,Manipur,10.3,41.39,117.9,173.9,325.49
7266,2015-07-22,25.51,93.879,Manipur,10.3,41.39,117.9,173.9,325.49
7267,2015-07-22,25.391,94.093,Manipur,16.94,48.02,130.7,184.62,347.16
7270,2015-07-24,29.586,80.219,Uttarakhand,19.15,33.55,40.58,140.07,424.39
7273,2015-07-26,30.241,78.901,Uttarakhand,6.7,43.95,64.78,135.93,416.71
7276,2015-07-25,26.106,91.872,Assam,11.76,44.78,112.45,209.16,316.39
7279,2015-07-24,24.982,93.514,Manipur,14.94,43.33,119.51,210.98,378.97
7285,2015-07-26,31.126,77.353,Himachal Pradesh,11.81,31.21,47.27,147.65,344.79
7286,2015-07-26,31.1,77.175,Himachal Pradesh,9.91,22.71,34.19,218.7,410.92
7287,2015-07-26,32.561,76.121,Himachal Pradesh,20.79,35.84,71.81,182.37,293.06
7288,2015-07-26,31.956,77.114,Himachal Pradesh,16.3,27.11,43.52,213.62,398.7
7289,2015-07-26,31.709,76.93,Himachal Pradesh,13.68,24.55,36.6,228.68,424.06
7294,2015-07-24,30.453,78.105,Uttarakhand,1.04,7.13,35.72,240.07,419.96
7295,2015-07-24,30.452,78.144,Uttarakhand,1.04,7.13,35.72,240.07,419.96
7296,2015-07-24,30.416,78.342,Uttarakhand,1.04,7.13,35.72,240.07,419.96
7297,2015-07-28,30.72,79.076,Uttarakhand,2.94,12.66,43.17,67.82,238.38
7308,2015-08-15,30.911,78.681,Uttarakhand,9.84,16.63,31.94,106.5,178.47
7309,2015-08-15,30.786,78.616,Uttarakhand,9.84,16.63,31.94,106.5,178.47
7310,2015-08-15,30.909,78.33,Uttarakhand,14.48,24.14,44.91,139.42,247.79
7311,2015-08-15,30.649,79.527,Uttarakhand,8.16,14.53,30.93,95.45,165.72
7313,2015-08-01,24.108,94.04,Manipur,5.31,82.66,101.37,202.03,310.51
7329,2015-08-18,32.028,77.345,Himachal Pradesh,9.1,18.79,35.94,96.0,186.12
7334,2015-08-18,28.174,94.76,Arunachal Pradesh,25.29,66.26,138.52,279.66,443.59
7335,2015-08-18,25.515,90.202,Meghalaya,15.22,43.75,59.02,102.65,270.29
7336,2015-08-19,25.219,90.555,Meghalaya,26.68,58.96,87.68,142.24,354.46
7364,2015-07-31,24.819,94.355,Manipur,79.86,103.04,118.66,264.74,352.73
7366,2015-07-31,32.224,76.337,Himachal Pradesh,2.98,3.13,32.57,154.28,344.43
7367,2014-08-08,32.224,76.337,Himachal Pradesh,14.31,26.99,34.99,107.56,206.23
7369,2015-08-01,24.199,94.102,Manipur,2.09,71.58,85.55,159.45,237.74
7370,2015-08-01,24.142,94.108,Manipur,2.09,71.58,85.55,159.45,237.74
7371,2015-08-01,23.994,94.057,Manipur,5.31,82.66,101.37,202.03,310.51
7372,2015-08-01,25.063,94.342,Manipur,4.9,104.34,121.77,229.36,353.87
7373,2015-08-01,24.911,94.476,Manipur,4.9,104.34,121.77,229.36,353.87
7374,2015-08-01,25.112,94.359,Manipur,4.9,104.34,121.77,229.36,353.87
7375,2015-08-01,25.194,94.448,Manipur,4.9,104.34,121.77,229.36,353.87
7383,2015-08-01,23.899,94.143,Manipur,2.09,71.58,85.55,159.45,237.74
7384,2015-08-01,23.928,94.091,Manipur,2.09,71.58,85.55,159.45,237.74
7385,2015-08-01,24.004,93.982,Manipur,5.31,82.66,101.37,202.03,310.51
7387,2015-08-01,24.954,94.216,Manipur,4.9,104.34,121.77,229.36,353.87
7388,2015-08-01,24.416,94.098,Manipur,3.7,100.7,118.29,220.65,329.07
7389,2015-08-01,24.407,94.064,Manipur,3.7,100.7,118.29,220.65,329.07
7390,2015-08-01,24.427,94.191,Manipur,3.7,100.7,118.29,220.65,329.07
7391,2015-08-01,31.036,78.858,Uttarakhand,14.8,30.04,47.78,82.24,253.76
7409,2015-08-02,25.72,94.622,Nagaland,0.7,71.33,99.02,197.07,332.89
7589,2015-08-19,25.257,92.383,Meghalaya,35.06,81.02,115.26,202.37,359.49
7590,2015-08-19,25.142,92.381,Meghalaya,41.24,100.47,149.45,256.74,490.85
7591,2015-03-19,25.032,92.458,Assam,0.01,0.01,0.01,0.08,31.16
7614,2015-08-08,31.803,76.757,Himachal Pradesh,11.06,43.88,60.77,119.39,377.32
7628,2015-08-09,31.692,76.51,Himachal Pradesh,2.81,18.91,39.86,68.89,344.1
7649,2015-08-11,31.324,76.762,Himachal Pradesh,4.56,13.3,66.39,103.23,271.37
7655,2016-04-22,27.58,91.857,Arunachal Pradesh,11.02,58.47,118.9,142.62,207.29
7660,2015-08-12,25.624,94.114,Nagaland,3.35,14.73,69.02,178.96,370.93
7664,2015-08-11,24.746,93.425,Manipur,5.97,40.38,84.21,221.0,510.18
7665,2015-08-11,24.702,93.529,Manipur,1.62,29.54,76.66,206.6,411.71
7666,2015-08-11,25.102,93.373,Manipur,5.63,34.46,86.02,210.7,484.2
7676,2015-08-12,32.176,76.308,Himachal Pradesh,16.56,24.51,54.39,81.14,248.86
7678,2015-08-12,32.197,76.319,Himachal Pradesh,16.56,24.51,54.39,81.14,248.86
7685,2015-08-13,31.776,76.988,Himachal Pradesh,8.49,24.21,59.02,122.96,262.81
7699,2015-08-19,26.021,94.522,Nagaland,14.28,30.55,56.39,137.17,283.18
7701,2015-08-19,25.628,94.105,Nagaland,8.1,17.36,37.6,113.28,284.48
7706,2015-08-19,25.073,92.364,Meghalaya,41.24,100.47,149.45,256.74,490.85
7726,2015-08-22,31.037,77.121,Himachal Pradesh,23.44,70.77,112.07,163.73,260.61
7727,2015-08-20,25.626,94.106,Nagaland,8.68,20.24,33.33,115.3,280.13
7728,2015-08-22,26.103,91.881,Assam,4.42,70.45,153.53,205.28,285.17
7778,2015-08-26,23.845,93.051,Mizoram,3.95,11.51,44.23,144.82,330.03
7780,2015-08-26,23.357,92.788,Mizoram,2.74,4.43,57.97,228.73,414.94
7836,2015-08-27,24.042,92.672,Mizoram,5.48,9.52,37.7,201.52,394.23
7837,2015-08-27,23.727,92.727,Mizoram,3.73,7.18,36.98,228.87,404.17
7838,2015-08-27,23.687,93.017,Mizoram,5.0,8.31,32.13,162.34,308.36
7887,2015-08-16,27.884,96.926,Arunachal Pradesh,7.42,24.99,52.36,124.4,204.67
7910,2015-08-01,24.348,94.115,Manipur,3.7,100.7,118.29,220.65,329.07
7923,2015-09-01,26.493,91.721,Assam,10.67,74.71,148.2,293.7,392.25
7933,2015-09-01,26.187,91.674,Assam,8.4,82.12,160.64,300.56,398.09
7956,2015-09-05,26.048,91.87,Meghalaya,3.69,63.5,156.6,249.76,459.65
7972,2015-08-28,23.45,92.811,Mizoram,10.53,17.0,32.21,233.88,412.8
8012,2015-09-06,25.97,91.858,Meghalaya,0.87,29.57,121.4,246.21,451.49
8032,2016-06-29,30.33,79.321,Uttarakhand,0.31,0.64,1.35,36.75,53.29
8222,2016-06-22,26.196,91.783,Assam,19.78,46.18,154.1,259.97,368.1
8223,2015-09-14,23.735,92.719,Mizoram,13.58,44.56,78.75,196.15,440.49
8224,2015-09-14,23.731,92.719,Mizoram,13.58,44.56,78.75,196.15,440.49
8237,2016-07-01,27.014,92.635,Arunachal Pradesh,7.67,13.51,20.96,93.86,194.5
8339,2015-09-23,26.167,91.704,Assam,61.13,106.92,116.73,187.06,431.33
8366,2015-09-23,25.583,91.893,Meghalaya,48.8,118.09,140.11,241.62,587.3
8367,2016-07-01,29.8,80.257,Uttarakhand,13.49,19.65,22.43,42.99,81.74
8482,2016-07-02,30.892,77.09,Himachal Pradesh,19.85,34.17,62.34,97.9,153.83
8684,2016-07-07,25.961,91.368,Assam,24.29,49.8,151.2,221.39,485.82
8860,2016-06-17,31.512,78.118,Himachal Pradesh,0.0,21.05,24.87,44.6,62.75
8900,2016-07-07,25.012,94.314,Manipur,11.95,28.19,92.02,139.12,255.75
8901,2016-07-10,25.79,94.132,Nagaland,14.38,23.03,75.37,164.56,349.47
8930,2016-07-12,26.17,94.492,Nagaland,16.84,39.61,66.6,179.28,362.32
8995,2016-07-14,26.196,91.807,Assam,7.89,16.48,48.2,192.24,419.39
8996,2016-07-14,26.177,91.77,Assam,7.89,16.48,48.2,192.24,419.39
9002,2016-07-16,30.455,78.097,Uttarakhand,52.75,77.91,91.71,149.62,218.09
9008,2016-07-16,30.335,78.511,Uttarakhand,46.34,65.57,77.47,131.19,168.18
9010,2016-07-16,27.303,93.804,Arunachal Pradesh,39.81,124.73,205.07,334.37,556.02
9017,2016-07-17,30.164,78.294,Uttarakhand,54.79,112.18,129.74,162.5,240.17
9020,2016-07-17,29.955,78.168,Uttarakhand,54.79,112.18,129.74,162.5,240.17
9037,2015-12-07,31.682,77.121,Himachal Pradesh,0.0,0.0,0.0,1.48,1.53
9048,2016-07-17,31.501,78.176,Himachal Pradesh,14.38,45.31,70.6,101.41,168.11
9051,2016-07-19,26.097,91.874,Assam,19.72,128.07,204.59,287.44,491.25
9087,2016-07-19,28.235,94.961,Arunachal Pradesh,14.48,89.14,199.95,270.29,589.71
9122,2016-07-20,26.197,91.802,Assam,32.15,108.99,231.77,299.82,508.83
9124,2016-07-19,25.203,90.557,Meghalaya,39.27,219.59,326.26,464.59,811.92
9142,2016-06-14,26.319,94.525,Nagaland,6.05,35.82,62.33,91.54,256.62
9144,2015-12-29,31.466,76.869,Himachal Pradesh,0.0,0.0,0.29,0.97,27.73
9166,2016-07-18,30.731,78.436,Uttarakhand,15.11,110.23,146.31,173.21,275.01
9168,2016-06-13,27.644,93.871,Arunachal Pradesh,32.49,64.71,100.76,139.52,336.63
9169,2016-06-12,26.168,94.244,Nagaland,10.04,18.74,64.65,88.51,278.36
9186,2016-07-25,25.48,94.138,Manipur,18.3,31.65,48.82,142.82,284.6
9215,2016-01-14,27.176,88.529,Sikkim,0.02,0.28,1.0,1.66,1.73
9216,2016-07-27,30.694,77.427,Himachal Pradesh,10.47,17.28,132.35,283.7,377.35
9219,2016-07-27,26.01,94.528,Nagaland,16.48,41.59,75.33,156.43,335.71
9232,2016-07-29,23.54,93.378,Mizoram,5.2,20.12,50.23,107.48,242.7
9251,2016-07-29,25.87,94.784,Nagaland,6.07,55.91,103.04,177.62,393.18
9252,2016-07-28,27.575,91.864,Arunachal Pradesh,14.04,27.35,78.71,151.69,240.45
9258,2016-07-31,30.975,78.438,Uttarakhand,8.29,30.72,49.94,179.31,268.62
9264,2016-08-01,31.687,77.104,Himachal Pradesh,16.44,63.33,108.16,150.56,262.24
9314,2016-05-22,30.306,78.065,Uttarakhand,1.53,1.88,1.88,18.14,35.45
9318,2016-05-23,30.701,77.864,Uttarakhand,5.11,6.74,6.99,23.08,40.51
9334,2016-05-18,24.52,92.726,Assam,75.63,179.71,267.55,323.56,559.2
9335,2016-05-18,24.52,92.724,Assam,75.63,179.71,267.55,323.56,559.2
9336,2016-05-18,24.531,92.512,Assam,75.63,179.71,267.55,323.56,559.2
9338,2016-05-18,24.464,92.494,Assam,75.63,179.71,267.55,323.56,559.2
9404,2016-05-01,28.082,96.532,Arunachal Pradesh,6.31,22.57,39.76,175.96,407.75
9405,2016-04-19,26.722,95.024,Nagaland,10.83,37.9,68.11,140.87,182.12
9428,2016-04-23,27.552,91.752,Arunachal Pradesh,8.76,40.8,110.82,151.34,216.05
9448,2016-08-06,29.587,80.215,Uttarakhand,21.38,28.93,59.65,161.41,344.35
9449,2016-08-04,30.739,79.495,Uttarakhand,1.03,4.11,40.26,154.99,279.02
9464,2016-08-05,27.575,91.975,Arunachal Pradesh,0.23,10.25,20.27,105.99,202.47
9490,2016-08-30,31.573,77.856,Himachal Pradesh,4.41,8.35,41.8,82.51,212.27
9507,2016-10-03,30.897,77.059,Himachal Pradesh,0.0,0.07,0.18,23.04,37.95
9604,2016-10-12,27.268,88.289,Sikkim,14.2,33.71,54.64,80.32,218.89
9619,2016-10-15,27.17,88.366,Sikkim,0.71,17.25,66.59,113.48,294.32
9630,2016-10-04,29.8521,80.553,Uttarakhand,0.04,1.16,2.19,17.67,45.0
9701,2017-09-21,24.939,93.497,Manipur,4.13,46.86,83.85,142.72,254.87
9704,2017-06-13,25.12,94.364,Manipur,6.24,34.68,54.37,160.34,228.85
9706,2017-06-06,30.336,79.32,Uttarakhand,16.5,17.0,23.02,53.47,86.63
9707,2017-06-07,30.942,76.801,Himachal Pradesh,38.64,43.82,43.89,59.39,102.96
9712,2017-06-10,23.734,92.747,Mizoram,23.87,63.48,126.38,440.18,600.25
9731,2017-08-26,23.833,92.631,Mizoram,16.93,88.15,132.46,381.5,649.33
9733,2017-06-04,23.865,91.895,Tripura,50.75,129.18,307.73,345.82,558.51
9742,2017-06-02,25.671,94.118,Nagaland,8.78,29.2,99.58,145.16,196.79
9743,2017-06-04,27.059,93.542,Arunachal Pradesh,8.18,72.54,142.86,253.53,382.3
9745,2017-06-04,24.195,91.829,Tripura,50.75,129.18,307.73,345.82,558.51
9750,2017-06-04,25.152,92.947,Assam,15.23,94.58,222.87,267.44,373.42
9770,2017-06-01,23.739,92.715,Mizoram,76.43,177.44,204.66,282.31,380.85
9785,2017-05-26,27.543,88.597,Sikkim,5.8,13.37,46.06,114.36,177.03
9789,2017-05-26,25.907,91.882,Meghalaya,15.61,47.72,87.79,127.86,250.32
9797,2017-05-24,27.77,93.51,Arunachal Pradesh,26.83,45.0,131.17,186.13,341.15
9802,2017-05-20,30.565,79.562,Uttarakhand,5.5,18.97,28.08,30.85,43.94
9809,2017-05-20,30.733,79.492,Uttarakhand,5.5,18.97,28.08,30.85,43.94
9829,2017-06-19,27.07,93.615,Arunachal Pradesh,11.97,65.43,129.02,172.09,425.62
9834,2017-06-21,27.059,93.541,Arunachal Pradesh,12.83,32.21,97.89,191.78,410.6
9840,2017-06-27,31.724,76.937,Himachal Pradesh,17.42,23.34,38.82,83.01,140.16
9849,2016-08-11,30.071,80.237,Uttarakhand,9.13,39.35,68.71,116.36,291.34
9852,2016-08-09,31.708,76.933,Himachal Pradesh,6.6,19.4,65.64,185.64,299.04
9853,2016-08-16,27.593,88.492,Sikkim,12.74,20.88,45.13,101.33,319.6
9859,2016-08-16,31.581,78.413,Himachal Pradesh,3.49,10.59,48.43,122.6,257.35
9864,2016-08-16,29.351,79.451,Uttarakhand,11.9,21.96,56.86,116.11,333.41
9869,2016-08-16,26.882,95.4,Arunachal Pradesh,4.04,10.94,45.5,82.6,312.9
9870,2017-06-29,30.866,76.998,Himachal Pradesh,17.61,45.57,60.53,123.8,183.26
9875,2017-06-26,24.324,93.15,Manipur,24.23,80.4,132.7,297.98,582.28
9876,2017-06-27,24.304,93.182,Manipur,12.03,58.27,140.38,282.6,592.47
9877,2017-06-26,24.22,93.203,Manipur,15.15,60.55,116.99,287.27,555.56
9892,2016-08-21,31.452,78.401,Himachal Pradesh,8.36,16.46,33.15,96.6,261.73
9904,2016-08-25,25.661,94.105,Nagaland,5.38,6.0,11.97,39.51,145.72
9912,2016-08-29,30.996,78.936,Uttarakhand,1.64,4.33,13.36,44.0,155.65
9915,2016-08-28,30.922,78.681,Uttarakhand,0.02,5.14,18.79,44.94,167.02
9917,2016-09-01,24.769,92.821,Assam,12.83,60.53,83.91,109.99,212.87
9924,2017-07-02,32.262,78.069,Himachal Pradesh,1.32,6.97,34.93,52.11,75.42
9925,2017-07-02,32.246,78.066,Himachal Pradesh,2.66,10.93,55.15,81.53,122.76
9927,2017-07-02,32.238,78.062,Himachal Pradesh,2.66,10.93,55.15,81.53,122.76
9931,2017-06-30,25.067,93.931,Manipur,22.2,43.22,81.89,184.88,313.58
9932,2017-07-01,27.106,93.66,Arunachal Pradesh,68.04,119.2,186.66,314.97,494.17
9933,2017-06-30,27.048,93.619,Arunachal Pradesh,32.95,59.68,142.67,254.05,433.2
9934,2017-07-01,27.011,92.642,Arunachal Pradesh,21.91,34.02,58.89,152.15,291.07
9935,2017-07-01,27.082,93.608,Arunachal Pradesh,68.04,119.2,186.66,314.97,494.17
9936,2017-07-03,32.306,77.522,Himachal Pradesh,0.04,4.28,38.59,54.77,85.67
9940,2017-07-03,26.205,91.872,Assam,24.58,72.73,109.15,190.58,497.79
9948,2017-07-01,24.952,94.203,Manipur,19.61,63.15,88.11,168.23,287.72
9949,2017-07-03,26.1,91.874,Assam,24.58,72.73,109.15,190.58,497.79
9951,2017-07-03,26.106,91.852,Assam,24.58,72.73,109.15,190.58,497.79
9952,2017-07-03,26.104,91.862,Assam,24.58,72.73,109.15,190.58,497.79
9953,2016-09-02,31.957,77.11,Himachal Pradesh,2.98,20.97,60.14,117.26,253.14
9965,2016-09-05,26.325,94.515,Nagaland,12.04,38.7,91.13,117.84,208.13
9966,2016-09-05,26.092,94.258,Nagaland,14.71,34.09,66.41,105.34,186.79
9972,2017-07-03,26.222,91.921,Assam,24.58,72.73,109.15,190.58,497.79
9974,2017-07-04,25.498,94.129,Manipur,15.0,49.28,122.17,215.86,317.53
9982,2017-07-02,26.331,94.554,Nagaland,22.51,89.45,142.02,261.54,388.31
9983,2017-07-02,26.116,94.242,Nagaland,14.5,64.06,108.49,220.96,338.87
9984,2017-07-02,26.145,94.244,Nagaland,14.5,64.06,108.49,220.96,338.87
9989,2017-06-28,23.695,92.876,Mizoram,6.88,21.75,95.73,208.22,588.37
9993,2017-07-05,27.979,94.263,Arunachal Pradesh,16.22,66.64,257.78,396.67,603.69
9998,2017-07-05,27.985,94.213,Arunachal Pradesh,16.22,66.64,257.78,396.67,603.69
10004,2017-07-10,26.145,91.794,Assam,26.77,73.83,159.66,273.75,636.17
10005,2017-07-06,26.11,91.803,Assam,11.94,79.49,169.43,245.24,564.28
10006,2017-07-05,29.889,80.565,Uttarakhand,16.63,35.24,51.71,66.7,103.95
10007,2017-07-10,26.19,91.773,Assam,26.77,73.83,159.66,273.75,636.17
10024,2017-06-25,25.838,93.946,Nagaland,21.95,63.72,79.91,170.86,321.43
10025,2017-06-29,32.764,77.283,Himachal Pradesh,5.57,18.71,19.01,37.93,50.45
10066,2016-09-11,30.597,79.57,Uttarakhand,1.13,1.4,3.25,15.47,52.17
10067,2017-07-07,30.241,78.898,Uttarakhand,20.22,61.73,81.93,194.86,254.0
10068,2017-04-06,30.814,78.618,Uttarakhand,13.58,40.38,40.38,40.42,71.11
10069,2017-04-06,30.615,78.316,Uttarakhand,8.22,37.22,37.22,37.22,65.16
10070,2017-04-06,31.013,78.884,Uttarakhand,13.58,40.38,40.38,40.42,71.11
10071,2017-07-11,30.413,78.084,Uttarakhand,23.65,36.06,82.51,165.68,307.95
10072,2017-07-13,30.239,77.956,Uttarakhand,7.99,67.26,79.23,169.31,306.45
10073,2017-04-06,30.504,79.488,Uttarakhand,15.39,35.98,35.98,36.39,63.05
10853,2017-04-23,32.361,77.234,Himachal Pradesh,4.96,11.53,11.53,11.89,62.54
10854,2017-05-05,32.342,77.222,Himachal Pradesh,0.4,3.5,13.43,30.43,47.14
10855,2017-04-18,31.764,77.292,Himachal Pradesh,0.0,0.0,0.5,52.42,52.99
10856,2017-03-22,31.773,77.305,Himachal Pradesh,0.0,0.0,8.17,40.2,65.42
10857,2017-02-21,32.007,78.57,Himachal Pradesh,4.97,12.78,12.81,12.86,52.78
10858,2017-04-06,31.098,77.152,Himachal Pradesh,6.35,37.62,37.62,37.67,72.21
10859,2017-01-26,30.875,77.0,Himachal Pradesh,39.31,44.47,44.8,52.35,113.88
10860,2017-01-06,31.056,77.137,Himachal Pradesh,23.5,23.72,25.0,30.52,30.59
10861,2017-09-02,31.103,77.204,Himachal Pradesh,12.09,77.53,95.7,186.51,284.32
10862,2017-04-30,32.307,77.602,Himachal Pradesh,7.48,9.83,15.3,26.83,77.61
10866,2017-07-11,29.834,80.269,Uttarakhand,25.35,46.17,135.7,183.91,227.05
10957,2017-06-09,22.908,92.472,Mizoram,38.45,77.78,169.66,492.87,608.82
10960,2016-09-17,23.726,92.718,Mizoram,15.46,32.01,126.23,167.69,431.07
10961,2017-04-25,24.014,92.674,Mizoram,24.62,107.23,343.1,372.03,626.37
10962,2017-06-17,23.656,93.027,Mizoram,10.03,42.82,209.07,325.84,504.73
10963,2017-06-12,23.335,92.854,Mizoram,71.95,133.8,167.42,341.18,449.57
10967,2017-07-10,24.372,93.707,Manipur,11.11,46.8,119.03,222.79,408.92
10968,2017-07-09,24.272,93.28,Manipur,9.71,42.19,100.11,231.22,524.05
10972,2016-12-15,26.192,91.81,Assam,0.0,0.0,0.0,0.0,0.28
10973,2016-12-15,26.182,91.772,Assam,0.0,0.0,0.0,0.0,0.28
10974,2017-04-05,26.161,91.853,Assam,3.96,83.62,209.1,261.67,294.62
10975,2017-04-30,25.619,92.709,Assam,18.72,48.15,147.99,245.44,465.28
10976,2017-04-04,25.118,92.854,Assam,22.98,113.69,312.64,321.59,372.3
10977,2017-04-04,25.482,93.142,Assam,16.99,84.74,221.09,227.93,269.38
10978,2017-04-04,25.132,93.047,Assam,22.98,113.69,312.64,321.59,372.3
10979,2017-04-04,25.195,93.173,Assam,22.98,113.69,312.64,321.59,372.3
10980,2017-04-04,25.181,93.118,Assam,22.98,113.69,312.64,321.59,372.3
10985,2017-06-17,25.438,91.799,Meghalaya,52.71,311.77,533.46,627.58,1010.05
10986,2017-07-07,25.829,91.877,Meghalaya,6.34,67.01,158.56,215.89,567.41
10987,2017-06-17,25.678,91.923,Meghalaya,52.71,311.77,533.46,627.58,1010.05
10988,2017-07-09,25.826,91.871,Meghalaya,29.23,53.4,157.47,252.55,611.73
10989,2017-02-15,25.518,91.963,Meghalaya,0.0,0.0,0.0,1.16,1.25
11149,2017-07-09,24.828,93.518,Manipur,8.59,64.01,120.23,219.24,388.84
11150,2017-03-30,24.796,93.724,Manipur,73.83,79.42,81.38,99.79,126.19
11151,2017-07-08,25.065,94.274,Manipur,32.95,80.22,139.87,234.39,387.17
11152,2017-04-06,25.083,94.238,Manipur,0.25,32.95,117.92,186.78,223.3
11153,2017-07-09,24.835,93.899,Manipur,8.59,64.01,120.23,219.24,388.84
11154,2017-04-07,25.772,93.935,Nagaland,3.61,5.81,76.08,138.27,176.88
11155,2017-07-08,25.72,94.032,Nagaland,25.67,54.59,103.55,195.0,346.6
11156,2017-05-16,25.733,93.997,Nagaland,9.32,24.13,32.33,42.79,132.6
11157,2017-07-09,25.731,93.988,Nagaland,13.78,62.66,108.04,197.11,347.35
11158,2017-07-12,25.691,94.095,Nagaland,1.4,57.09,157.38,290.03,438.66
11159,2017-07-09,25.632,94.101,Nagaland,16.21,89.47,150.89,255.24,405.92
11160,2017-07-10,26.263,94.815,Nagaland,42.24,134.3,200.1,370.85,563.85
11161,2017-06-24,26.664,94.622,Nagaland,30.52,60.12,83.02,164.38,300.55
11162,2017-07-09,26.566,93.132,Assam,40.42,72.78,122.62,242.71,432.6
11163,2017-07-10,26.951,93.867,Assam,55.05,190.51,264.38,469.91,724.55
11164,2017-07-09,27.107,93.652,Arunachal Pradesh,89.73,153.24,228.74,445.92,671.15
11165,2017-07-09,27.093,93.619,Arunachal Pradesh,89.73,153.24,228.74,445.92,671.15
11166,2017-07-09,27.077,93.598,Arunachal Pradesh,89.73,153.24,228.74,445.92,671.15
11167,2017-07-09,27.116,93.796,Arunachal Pradesh,89.73,153.24,228.74,445.92,671.15
11168,2017-07-11,27.209,93.615,Arunachal Pradesh,25.38,170.16,257.1,476.61,740.55
11169,2017-07-09,27.06,93.501,Arunachal Pradesh,89.73,153.24,228.74,445.92,671.15
11170,2017-07-09,27.142,93.665,Arunachal Pradesh,89.73,153.24,228.74,445.92,671.15
11171,2017-04-26,27.104,93.612,Arunachal Pradesh,26.0,67.41,106.16,117.7,227.08
11172,2017-07-09,27.084,93.605,Arunachal Pradesh,89.73,153.24,228.74,445.92,671.15
11173,2017-04-23,27.618,93.842,Arunachal Pradesh,12.37,24.85,37.69,49.21,154.75
11174,2017-04-22,27.68,93.626,Arunachal Pradesh,9.07,18.63,25.7,40.7,145.07
11175,2017-05-03,27.827,93.624,Arunachal Pradesh,2.17,7.36,64.28,172.14,195.86
11176,2017-06-20,28.108,94.183,Arunachal Pradesh,8.12,68.59,139.69,207.02,502.42
11177,2017-07-11,27.584,91.877,Arunachal Pradesh,7.9,54.3,93.48,159.09,283.61
11178,2017-06-19,26.964,92.783,Assam,9.7,65.31,146.09,164.64,299.62
11183,2017-07-10,27.36,88.652,Sikkim,30.79,77.52,116.8,197.88,308.27
11317,2018-05-08,30.652,79.52,Uttarakhand,6.75,10.99,18.22,22.39,52.8
11332,2018-05-10,24.864,93.622,Manipur,9.72,28.87,119.11,160.8,218.44
11357,2018-05-18,24.025,91.497,Tripura,57.59,150.03,200.91,424.96,737.87
11403,2018-05-12,23.737,92.752,Mizoram,10.4,64.79,160.62,276.73,450.77
11405,2018-05-12,26.078,94.721,Nagaland,0.68,2.42,37.58,135.17,192.23
11443,2018-05-26,27.233,88.593,Sikkim,15.28,77.08,99.84,134.82,246.08
11459,2018-06-03,24.988,93.499,Manipur,6.58,20.94,29.29,59.27,181.05
11501,2018-05-20,23.793,91.531,Tripura,25.85,106.32,234.19,416.62,740.67
11502,2018-05-20,23.717,91.616,Tripura,27.76,103.19,225.17,364.79,650.01
11513,2018-06-01,30.722,78.445,Uttarakhand,10.96,11.66,12.6,14.73,34.62
11530,2018-06-05,22.874,92.758,Mizoram,53.0,70.88,121.91,169.67,404.92
12712,2017-09-29,24.981,94.019,Manipur,26.42,65.83,90.63,176.31,270.8
12713,2017-10-22,25.534,94.133,Manipur,26.47,68.56,69.89,121.55,246.34
12714,2017-09-30,25.659,94.099,Nagaland,10.92,51.43,94.77,163.25,282.29
12715,2017-08-26,25.26,94.019,Manipur,27.77,42.24,52.92,106.74,230.7
12716,2017-06-05,25.144,93.972,Manipur,0.14,31.52,135.08,167.18,230.27
12718,2017-08-28,25.555,93.64,Nagaland,6.58,38.43,58.72,101.0,215.56
12719,2018-04-28,25.032,92.423,Meghalaya,0.89,9.63,34.27,153.78,254.97
12880,2018-04-27,30.741,78.527,Uttarakhand,0.1,0.1,0.18,5.0,43.8
12881,2017-09-03,30.739,78.374,Uttarakhand,3.11,78.4,126.53,238.9,353.76
12882,2018-08-29,30.359,78.377,Uttarakhand,14.46,36.57,96.46,166.5,440.98
12943,2017-08-22,31.498,76.875,Himachal Pradesh,4.91,51.71,78.02,116.45,309.73
13214,2017-12-14,29.42,80.244,Uttarakhand,0.0,6.5,7.27,7.43,7.5
13224,2017-12-10,31.411,77.603,Himachal Pradesh,0.0,0.0,0.34,0.34,5.31
13253,2017-08-22,31.102,77.205,Himachal Pradesh,5.55,56.26,76.83,118.87,290.51
13263,2017-09-30,27.304,92.408,Arunachal Pradesh,10.33,30.09,35.09,62.17,138.67
13723,2019-07-09,25.567,91.906,Meghalaya,150.66,268.65,349.89,698.26,978.24
13724,2019-07-09,25.588,92.023,Meghalaya,150.66,268.65,349.89,698.26,978.24
13725,2019-07-09,25.537,91.981,Meghalaya,150.66,268.65,349.89,698.26,978.24
13796,2018-08-30,30.272,79.45,Uttarakhand,2.89,16.15,67.18,94.97,215.19
13814,2018-07-31,25.673,94.105,Nagaland,14.4,86.98,184.23,248.18,396.1
13820,2018-09-22,32.22,76.311,Himachal Pradesh,32.21,43.37,43.81,132.58,236.04
13834,2018-12-21,30.517,79.092,Uttarakhand,0.0,0.0,0.0,1.71,1.83
13841,2018-07-30,26.132,94.786,Nagaland,35.49,107.5,190.88,268.39,448.3
14055,2018-08-11,31.343,76.762,Himachal Pradesh,1.75,10.62,81.72,125.99,322.96
14071,2018-08-14,31.055,77.024,Himachal Pradesh,2.33,118.81,138.87,225.64,413.76
14079,2018-10-14,30.896,77.005,Himachal Pradesh,0.0,0.0,10.02,10.02,191.56
14081,2018-08-11,30.917,78.684,Uttarakhand,1.84,7.11,64.27,134.87,220.84
14086,2018-12-18,25.196,93.134,Assam,37.32,40.49,40.55,40.63,40.63
14102,2018-08-09,30.821,78.233,Uttarakhand,6.19,32.0,114.7,237.38,363.84
14113,2018-08-09,32.557,76.129,Himachal Pradesh,4.05,40.62,118.35,217.57,425.9
14116,2018-10-10,31.517,78.269,Himachal Pradesh,0.5,0.52,0.52,4.83,167.15
14117,2018-08-13,32.025,76.167,Himachal Pradesh,41.16,70.99,122.7,233.71,471.1
14125,2018-10-09,31.689,77.279,Himachal Pradesh,0.01,0.01,0.01,11.25,151.4
14146,2018-08-13,31.425,78.26,Himachal Pradesh,53.67,102.41,138.93,192.17,360.14
14164,2018-08-07,31.12,77.359,Himachal Pradesh,14.86,59.19,102.99,218.39,352.03
14179,2018-08-09,32.171,76.419,Himachal Pradesh,7.19,47.22,123.16,235.85,449.32
14194,2018-08-10,30.04,80.314,Uttarakhand,0.96,2.21,41.12,89.7,175.73
14202,2015-04-16,31.499,78.224,Himachal Pradesh,5.21,18.68,18.68,41.02,55.72
14235,2017-08-14,31.914,76.893,Himachal Pradesh,6.21,16.24,42.11,140.73,289.92
14282,2018-09-26,31.706,76.934,Himachal Pradesh,0.0,85.76,184.45,207.87,317.06
14283,2018-10-29,25.769,93.82,Nagaland,0.0,0.92,0.92,2.71,43.75
14295,2018-11-22,32.234,77.189,Himachal Pradesh,0.0,0.0,0.0,24.67,52.75
14297,2018-10-31,25.808,93.79,Nagaland,0.01,0.01,0.93,1.05,39.71
14325,2018-09-03,31.108,77.215,Himachal Pradesh,14.2,27.55,55.76,155.47,350.32
14326,2018-09-02,31.113,77.614,Himachal Pradesh,7.56,15.66,49.53,148.71,353.06
14338,2018-11-21,31.708,77.186,Himachal Pradesh,0.0,0.0,0.27,19.47,41.65
14359,2018-09-01,32.72,76.099,Himachal Pradesh,2.9,12.85,20.18,143.45,327.43
14386,2018-09-11,31.103,77.159,Himachal Pradesh,7.61,28.17,67.12,121.97,318.17
14392,2018-09-03,32.442,76.535,Himachal Pradesh,12.75,31.48,45.33,133.88,327.0
14439,1990-01-29,29.993,78.33,Uttarakhand,0.0,0.07,0.07,0.07,0.87
14464,2018-09-03,30.291,78.487,Uttarakhand,15.04,26.97,61.73,155.04,332.68
14483,2018-08-20,31.496,76.234,Himachal Pradesh,3.54,20.67,35.2,186.42,356.22
14489,2018-09-28,31.111,77.606,Himachal Pradesh,0.37,0.37,125.05,128.53,240.27
14501,2018-09-14,27.454,88.524,Sikkim,9.44,30.49,89.46,169.76,367.51
14505,2018-08-18,32.061,77.133,Himachal Pradesh,13.63,23.86,125.8,224.79,385.39
14511,2018-09-15,27.54,88.499,Sikkim,7.19,23.91,92.8,173.28,368.51
14516,2018-09-26,31.467,76.263,Himachal Pradesh,0.0,91.86,196.94,236.15,342.88
14520,2018-09-14,27.104,93.645,Arunachal Pradesh,9.23,51.23,122.39,200.94,432.66
14530,2018-08-25,29.387,79.461,Uttarakhand,33.62,104.46,122.1,199.92,413.99
14544,2018-09-14,27.716,88.557,Sikkim,9.44,30.49,89.46,169.76,367.51
14549,2018-09-23,32.557,76.123,Himachal Pradesh,73.52,113.54,113.73,204.42,291.53
14569,2018-09-27,31.117,77.575,Himachal Pradesh,0.0,12.8,125.51,141.92,247.42
14572,2018-09-13,31.019,78.045,Uttarakhand,14.39,32.38,64.51,120.75,271.14
14574,2018-09-14,27.495,88.536,Sikkim,9.44,30.49,89.46,169.76,367.51
14577,2018-08-18,29.384,79.463,Uttarakhand,4.45,10.51,71.49,180.26,377.87
14579,2018-09-14,32.227,76.324,Himachal Pradesh,9.07,62.73,88.71,159.32,305.59
14598,2018-09-26,32.345,76.521,Himachal Pradesh,0.0,32.82,146.36,216.93,312.06
14605,2018-09-25,31.41,76.433,Himachal Pradesh,7.51,154.89,197.37,241.5,345.23
14630,2018-09-17,27.543,88.63,Sikkim,0.0,7.7,52.01,147.28,346.51
14641,2018-09-15,27.331,88.614,Sikkim,7.19,23.91,92.8,173.28,368.51
20598,2021-06-12,23.743,92.739,Mizoram,22.98,58.04,105.74,217.96,296.27
