event_id,latitude,longitude,elevation,slope,aspect,curvature
585,27.1,93.629,405.82,5.4,275.31,-0.003886
870,27.4,92.35,2632.03,27.75,254.93,-0.002004
1084,27.7,92.8,2449.61,15.58,316.69,0.005925
1613,27.9,93.35,880.3,6.86,324.28,0.000483
1775,27.897,96.178,201.88,2.25,262.81,-8.7e-05
1930,28.43,95.878,521.73,12.9,215.56,-0.012348
2405,28.304,95.411,1838.67,42.16,110.41,-0.022087
2411,27.001,93.727,109.05,1.28,275.38,-0.000399
2539,28.309,95.415,1855.45,48.67,283.53,0.017074
2743,27.58,91.857,2770.8,20.34,290.99,-0.007307
3269,28.079,96.524,540.76,25.09,16.84,0.000669
3776,27.125,93.715,132.62,0.05,335.53,-0.000268
3789,27.274,92.906,631.99,19.7,10.68,0.003399
3806,27.103,93.688,150.77,3.37,208.94,0.000197
3881,27.103,93.689,149.55,3.02,126.32,-0.000848
3912,27.44,92.283,2627.1,11.97,216.12,-0.005517
3925,27.489,93.015,539.04,31.9,221.61,-2.4e-05
4313,28.466,95.86,1044.75,36.99,146.35,-0.005245
4378,28.825,96.152,3580.52,18.65,100.5,-0.000928
4392,29.241,95.976,4437.27,17.44,303.91,-0.011216
4435,27.174,95.801,294.59,0.76,25.93,-0.000146
4436,26.999,95.499,611.01,28.59,176.57,0.031089
4446,28.999,94.889,595.37,17.56,13.3,0.005696
4570,27.846,95.225,133.87,0.6,1.61,0.000668
4757,28.119,95.165,789.92,37.14,299.88,-0.010289
4798,28.825,96.151,3615.86,28.16,95.28,0.000874
4892,27.878,94.25,984.28,35.96,43.24,-0.001097
5250,27.884,93.052,1602.46,43.98,13.21,0.013711
5441,28.611,94.983,1681.38,32.11,198.01,-0.009668
5442,27.161,93.753,145.58,3.3,150.02,-0.001204
6015,27.903,96.174,196.5,3.87,201.79,0.003916
6105,28.921,95.343,4085.62,8.5,309.75,-0.015365
6200,27.087,93.609,315.83,3.23,285.01,0.00299
6222,27.125,93.771,149.04,27.46,162.65,0.009015
6971,27.099,93.816,211.55,16.91,124.87,0.007968
7214,27.36,93.039,417.16,3.95,255.24,-0.004881
7887,27.884,96.926,989.99,36.35,257.44,-0.011361
7334,28.174,94.76,568.93,24.65,72.89,-0.004536
7655,27.58,91.857,2770.8,20.34,290.99,-0.007307
9428,27.552,91.752,2404.82,33.21,106.56,0.002952
9404,28.082,96.532,601.36,18.57,314.49,-0.006154
9168,27.644,93.871,1708.81,37.85,241.99,-0.006909
8237,27.014,92.635,229.59,2.67,56.71,0.000438
9010,27.303,93.804,734.51,30.72,70.68,0.003837
9087,28.235,94.961,314.7,44.76,165.92,-0.001882
9252,27.575,91.864,2698.92,13.02,104.21,0.004858
9464,27.575,91.975,2424.03,27.94,186.95,-0.000311
9869,26.882,95.4,724.37,10.18,300.8,-0.017936
11174,27.68,93.626,1108.12,20.32,274.33,-0.005887
11173,27.618,93.842,1675.89,21.05,247.25,-0.007178
11171,27.104,93.612,308.87,28.06,327.92,0.004536
11175,27.827,93.624,984.34,11.79,16.48,0.000162
9797,27.77,93.51,863.34,45.27,252.9,-0.009548
9743,27.059,93.542,506.38,20.28,135.82,-0.007406
9829,27.07,93.615,201.97,4.62,304.79,0.004102
11176,28.108,94.183,868.88,6.16,312.85,-0.006763
9834,27.059,93.541,506.35,13.95,194.12,-0.008643
9933,27.048,93.619,263.38,11.01,130.74,-0.00506
9934,27.011,92.642,248.85,29.11,145.52,0.004688
9932,27.106,93.66,267.52,24.06,170.95,-0.001049
9935,27.082,93.608,273.24,12.74,115.18,-0.027158
9993,27.979,94.263,331.0,20.19,145.24,0.001714
9998,27.985,94.213,304.62,32.29,38.67,0.002286
11164,27.107,93.652,333.11,18.21,251.5,-0.003809
11165,27.093,93.619,361.84,9.69,236.77,-0.000647
11166,27.077,93.598,222.67,3.51,88.38,-0.001755
11167,27.116,93.796,174.11,22.21,252.95,-0.00234
11169,27.06,93.501,265.68,29.76,15.58,-0.00224
11170,27.142,93.665,995.87,11.85,119.27,-0.013658
11172,27.084,93.605,292.08,10.98,254.12,0.003303
11177,27.584,91.877,2739.16,22.45,17.5,-0.012273
11168,27.209,93.615,653.6,31.19,327.49,-0.001912
13263,27.304,92.408,2158.27,30.7,253.98,-0.003671
14520,27.104,93.645,359.58,23.86,139.25,-0.002894
130,26.17,91.799,157.15,4.53,52.19,-0.007037
213,25.295,92.834,883.28,15.3,231.34,-0.000472
264,26.183,91.8,66.86,1.47,13.99,7.5e-05
545,24.985,92.841,262.07,11.11,216.47,-0.006878
587,27.23,94.099,95.59,1.31,355.37,-0.000733
714,27.163,94.0,94.73,1.44,162.6,0.003422
868,26.333,91.25,41.34,0.4,319.39,0.000291
869,27.233,94.117,90.61,0.28,229.81,0.000994
1109,25.522,93.165,265.85,11.42,100.29,0.005843
1127,25.172,93.123,724.41,15.13,232.17,-0.006036
1611,25.155,93.028,593.92,28.88,197.51,-0.001517
1770,26.197,91.763,91.86,11.8,201.42,-0.009228
1771,26.198,91.767,71.95,12.8,132.91,0.001924
1934,24.601,92.381,79.06,17.95,266.52,-0.004817
1961,25.883,91.2,239.65,18.31,53.28,0.005628
1987,25.227,93.166,392.72,4.76,220.21,0.000932
1994,25.063,92.803,85.24,8.97,39.25,-0.006314
2140,25.048,92.801,165.34,24.33,98.11,0.006099
2573,25.18,93.008,686.95,8.35,137.6,0.003288
2574,25.475,93.148,152.3,3.98,184.35,-0.003305
2575,25.524,92.991,171.37,22.19,118.95,0.001054
3532,25.089,92.855,256.8,26.05,178.17,0.005929
3672,25.513,93.361,314.56,15.25,310.04,0.01702
3837,26.584,93.004,67.2,0.39,51.21,0.00077
3965,24.808,93.117,37.32,1.58,27.43,0.001927
3983,26.155,91.735,56.08,2.61,65.52,-0.001415
4377,26.148,91.736,50.4,0.84,349.78,0.000362
4382,25.118,92.857,153.91,14.28,325.04,0.005915
4383,25.306,93.127,320.93,7.71,200.35,-0.002582
4384,25.178,93.012,644.59,7.31,70.89,0.004215
4424,26.149,91.735,51.9,1.27,238.4,0.000284
4426,26.123,91.716,95.36,28.46,27.47,0.006071
4434,26.105,91.737,163.62,17.69,68.06,-0.007826
4859,26.177,91.76,82.57,13.86,338.76,-0.004695
4860,26.102,91.691,65.5,28.17,169.66,0.017318
4858,26.166,91.714,138.12,22.19,83.95,0.005159
5584,26.167,91.705,243.88,8.17,64.57,0.000982
5582,26.131,91.838,114.95,10.14,97.9,-0.012331
6016,24.867,92.358,19.55,1.81,294.81,-0.001608
6106,26.141,91.765,60.18,3.25,18.9,0.00049
6107,26.184,91.79,58.3,0.38,316.37,0.00093
6110,26.162,91.77,53.6,1.02,104.35,0.00343
6112,26.196,91.765,99.87,5.72,150.67,-0.010505
6282,26.11,91.775,59.48,0.37,348.26,-0.001035
6283,26.131,91.755,78.58,8.14,255.72,6.8e-05
6284,26.132,91.834,75.67,9.05,164.55,0.0033
6285,26.159,91.818,60.84,5.97,40.86,-0.001948
6286,26.104,91.708,53.39,2.83,95.73,0.002008
6287,26.13,91.706,144.65,9.79,76.97,-0.009575
6288,26.199,91.8,95.98,22.6,359.57,0.002251
6289,26.1,91.685,72.83,22.86,148.03,0.007315
6292,25.724,89.903,30.15,7.02,285.13,0.007833
6775,26.147,91.647,56.36,13.58,208.95,0.007168
6786,24.611,92.562,23.67,6.24,175.75,0.002341
7591,25.032,92.458,78.61,14.87,311.24,0.008403
7253,24.798,92.997,24.3,0.44,233.1,0.000305
7276,26.106,91.872,259.01,1.56,124.15,-0.006021
7728,26.103,91.881,112.87,12.46,16.42,0.007135
7923,26.493,91.721,55.02,1.22,24.84,0.000855
7933,26.187,91.674,48.64,0.75,245.76,0.00094
8339,26.167,91.704,231.39,9.26,326.01,-0.005507
9334,24.52,92.726,37.6,3.1,201.77,0.002354
9335,24.52,92.724,41.72,3.14,219.78,-0.000796
9336,24.531,92.512,48.87,11.91,154.53,0.019526
9338,24.464,92.494,85.19,15.45,254.53,0.004394
8222,26.196,91.783,111.61,12.53,63.55,0.007147
8684,25.961,91.368,178.23,3.84,230.89,0.002402
8995,26.196,91.807,189.19,22.67,57.6,-0.0015
8996,26.177,91.77,111.79,33.44,65.48,0.001931
9051,26.097,91.874,213.66,23.28,166.24,-0.004623
9122,26.197,91.802,99.89,22.29,173.91,0.00383
9917,24.769,92.821,21.4,2.48,32.29,0.001361
10972,26.192,91.81,98.77,6.95,312.42,0.002892
10973,26.182,91.772,54.82,1.73,257.59,0.001207
10976,25.118,92.854,148.57,8.32,59.85,0.006686
10977,25.482,93.142,161.9,4.33,321.09,1.9e-05
10978,25.132,93.047,721.98,8.56,247.15,0.007133
10979,25.195,93.173,675.03,14.31,211.98,-0.002033
10980,25.181,93.118,580.98,13.04,66.78,-0.005864
10974,26.161,91.853,94.75,6.65,281.41,0.0024
10975,25.619,92.709,601.6,16.4,86.06,-0.003362
9750,25.152,92.947,986.85,7.77,218.11,-0.004113
11178,26.964,92.783,175.6,4.84,140.17,-0.004603
9949,26.1,91.874,112.17,20.48,148.02,-0.012876
9951,26.106,91.852,187.18,31.4,137.34,0.002365
9952,26.104,91.862,171.16,16.03,283.44,0.000135
9972,26.222,91.921,114.09,21.11,327.54,-0.001931
9940,26.205,91.872,114.97,29.17,166.68,0.008864
10005,26.11,91.803,63.31,1.04,324.02,-2.7e-05
11162,26.566,93.132,82.33,12.6,204.31,0.001304
10004,26.145,91.794,88.0,4.26,137.13,-0.000553
10007,26.19,91.773,81.49,14.64,44.89,0.007821
11163,26.951,93.867,89.15,0.82,142.68,-0.000864
14086,25.196,93.134,532.9,13.13,324.62,-0.00549
177,32.733,77.591,5750.13,24.15,221.33,-0.014669
178,32.099,76.267,794.82,25.68,330.12,-0.004778
481,32.286,77.161,2371.35,36.11,11.61,0.001903
568,31.208,77.193,879.94,35.19,314.05,0.006396
592,32.371,77.247,3959.5,3.97,259.63,0.00914
697,31.13,77.09,1683.9,28.57,334.65,-0.002892
715,31.0,77.12,1442.23,17.88,115.72,0.001512
725,31.1,77.16,1959.45,14.05,22.19,-0.003983
796,30.56,77.3,899.57,8.8,159.36,-0.006194
797,31.1,77.165,1893.9,29.15,329.17,0.003031
798,31.587,78.315,2795.18,32.44,255.51,0.003555
942,30.895,77.089,1658.34,32.88,159.67,0.008642
1134,32.351,77.223,3257.94,14.48,5.13,-0.009509
1149,31.549,76.9,863.96,0.52,237.86,-0.002811
1153,31.883,78.617,3310.87,22.85,190.64,-0.002753
1154,32.404,77.58,4367.11,3.21,110.06,0.001678
1157,31.103,77.163,2021.9,28.34,8.8,-0.004233
1962,31.099,77.172,2043.4,26.52,311.48,0.003116
2046,32.373,77.25,3944.41,10.63,200.6,0.000444
2047,32.219,78.072,3594.49,1.47,349.19,0.001651
2048,32.66,76.853,3669.16,26.56,351.12,-0.000819
2049,31.504,77.952,3517.93,51.62,272.92,-0.001936
2050,31.645,78.435,2887.45,26.93,105.16,0.007812
2051,31.101,77.179,2257.21,31.57,223.18,-0.01487
2056,32.304,77.211,3094.5,23.3,337.34,-0.003463
2091,30.636,77.544,1637.06,40.51,241.06,0.003234
2135,32.207,76.364,1315.0,5.19,292.95,-0.005721
2136,30.904,77.097,1440.5,16.85,302.55,-0.00543
2137,30.559,77.289,887.77,10.08,298.15,-0.002344
2139,31.105,77.173,2202.87,11.34,163.99,-0.016993
2138,31.093,77.168,1916.38,30.73,0.09,-0.008718
2183,31.066,77.133,1859.15,43.03,209.9,0.011747
2198,32.757,77.414,4878.68,10.5,349.55,0.001657
2215,32.371,77.247,3959.5,3.97,259.63,0.00914
2234,31.958,77.11,1221.73,3.62,13.72,0.005983
2242,30.852,76.991,1244.78,26.46,36.72,-0.003037
2246,30.901,77.096,1402.13,18.41,141.66,-0.002328
2305,31.53,77.776,1251.75,22.07,206.43,-0.001103
2340,32.703,75.957,1970.93,40.73,65.37,0.001578
2397,32.099,77.15,1595.19,9.23,273.75,0.002277
2427,32.311,77.22,3392.42,30.01,226.41,-0.000374
2432,31.414,77.895,3747.12,60.4,183.82,0.006762
2457,31.563,77.98,1531.57,48.86,166.25,-0.007089
2460,31.984,77.189,2215.52,45.82,334.16,-0.008124
2461,31.458,78.211,3016.62,42.19,271.82,-0.003274
2462,30.909,77.11,1568.63,21.3,187.35,-0.002381
2463,31.119,77.509,1547.67,35.7,347.34,0.000344
2464,30.954,77.506,2598.85,20.42,102.04,-0.00735
2465,31.416,77.415,1903.61,28.39,141.79,0.001278
2466,30.874,76.958,1305.6,34.74,246.1,0.001665
2467,30.72,77.17,1132.7,17.2,356.08,-0.000139
2468,30.904,77.097,1440.5,16.85,302.55,-0.00543
2469,30.901,77.467,2442.42,40.39,214.82,-0.001532
2475,31.158,77.716,1725.11,34.04,73.28,-0.002909
2479,31.57,78.284,2287.7,32.88,220.67,-0.003105
2480,31.944,77.118,1357.28,21.23,278.23,-0.000484
2477,31.184,76.991,1374.58,24.3,337.28,-0.021431
2488,31.022,77.104,1691.3,27.96,89.77,-0.00481
2538,30.914,76.818,431.73,0.79,12.21,-0.001098
2546,30.955,77.179,1829.8,36.19,192.31,0.010672
2596,31.437,78.236,2625.01,20.07,320.56,-0.011419
3146,32.187,77.177,2255.51,46.59,72.38,0.001306
3174,32.1,77.159,1716.2,21.02,232.95,0.013009
3611,32.361,77.231,3830.87,33.4,30.82,0.002335
3618,31.564,77.98,1453.26,10.9,180.78,0.011332
3666,32.432,77.215,3585.02,54.2,295.21,0.000928
3667,32.228,77.19,1823.87,34.26,264.08,0.012876
3745,30.921,77.021,1300.66,18.48,298.79,0.007172
3747,32.324,77.194,2597.81,27.22,285.37,0.002225
3756,31.71,76.933,770.19,2.37,94.03,-0.001707
3763,31.106,77.178,2208.3,31.02,224.42,0.003392
3777,32.349,77.218,3303.7,9.72,26.24,0.012165
3839,32.19,77.187,1738.33,40.91,92.65,-0.003906
3884,31.691,77.132,893.5,0.0,0.0,0.0
3890,31.715,77.022,869.88,21.45,130.89,-0.000529
3894,31.077,77.392,1303.75,2.1,34.4,-0.000252
3895,31.077,77.391,1305.34,0.83,320.07,-0.000595
3888,31.24,77.926,1937.07,6.82,270.09,-0.005741
3889,31.708,76.932,758.46,4.33,84.11,0.003138
3917,31.708,76.931,765.99,7.58,188.53,0.006465
4202,32.566,76.12,804.07,15.84,254.85,0.00876
4447,31.107,77.209,2291.82,43.44,36.32,-0.009859
4497,32.228,78.071,3663.91,11.15,8.07,0.003026
4498,32.18,77.195,1866.38,8.67,206.61,-0.001497
4513,32.1,76.27,769.13,16.95,189.93,0.002489
4514,31.709,76.931,766.52,3.18,316.08,-0.001531
4515,30.74,77.285,1633.37,33.84,202.08,-0.009573
4516,30.904,77.097,1440.5,16.85,302.55,-0.00543
4565,31.023,77.103,1667.78,29.32,182.57,0.002963
4912,31.49,76.704,707.21,11.14,212.2,-0.002005
4913,31.488,76.67,687.05,11.63,341.07,-0.003558
4916,32.211,76.283,989.86,3.92,61.87,-0.00295
4917,32.555,76.125,921.75,5.93,297.23,0.005478
4920,31.517,78.098,1721.5,17.26,345.6,-0.003721
4925,31.455,78.2,2019.78,9.63,98.59,0.019255
4926,30.674,77.354,1514.34,23.48,30.64,-0.008659
4927,30.573,77.652,878.63,37.69,330.24,-0.010738
4932,31.348,77.461,885.37,14.17,168.96,-0.006291
4933,31.599,78.438,2309.48,55.71,127.71,0.016922
4946,31.622,78.019,2460.37,9.58,50.65,0.001577
5013,31.072,77.14,1978.85,28.19,23.56,-0.009827
5043,31.991,76.791,1221.14,18.15,272.02,-0.003442
5044,31.163,77.724,1464.94,28.56,125.89,0.011584
5049,31.56,77.168,1867.61,25.24,26.11,0.007038
5050,31.703,76.936,765.76,41.43,293.98,0.029715
5051,31.702,76.973,775.53,31.14,188.58,0.016894
5052,31.709,76.93,756.37,1.73,277.45,0.00287
5053,31.967,76.852,1477.19,26.35,283.61,0.005524
5054,31.702,76.942,770.49,8.37,125.36,-0.00139
5047,31.88,76.916,1283.39,9.87,297.48,-0.001306
5097,31.471,77.675,1048.87,46.97,53.34,-0.004415
5098,32.17,77.179,1614.32,10.24,38.99,-0.000224
5099,30.674,77.354,1514.34,23.48,30.64,-0.008659
5100,31.673,76.534,749.76,3.03,346.64,0.001201
5214,31.893,78.63,3633.51,16.93,269.76,-0.003738
5290,32.232,76.304,1633.15,10.95,79.15,-0.000613
5334,32.361,77.304,3360.48,29.06,69.93,-0.001876
5382,31.538,77.374,3080.16,37.19,168.47,-0.002164
5598,32.367,77.086,3690.23,27.37,321.15,0.001023
5864,31.825,77.47,3712.76,33.64,340.93,-0.00021
7367,32.224,76.337,1571.15,15.29,265.93,-0.004836
6538,31.522,78.135,1912.22,47.75,19.93,-0.003371
6552,31.559,77.928,1617.98,41.91,270.6,0.003583
6337,31.777,76.983,970.13,18.79,248.21,0.011405
6247,31.016,77.099,1694.3,13.07,237.95,-0.015143
6851,32.561,76.124,926.38,35.71,343.2,0.003463
7185,32.293,77.18,2138.36,7.49,299.6,0.001555
14202,31.499,78.224,1839.79,42.97,229.85,0.006752
7249,31.085,77.167,1830.25,42.76,227.44,-0.004878
7215,32.247,78.037,3654.21,1.8,158.05,-0.000328
7226,32.224,76.323,1476.51,14.47,4.81,-0.00121
7285,31.126,77.353,2278.69,3.57,259.16,0.006486
7286,31.1,77.175,2116.96,25.35,272.91,0.016045
7287,32.561,76.121,869.45,29.36,215.48,0.006731
7288,31.956,77.114,1190.86,15.7,91.74,0.001852
7289,31.709,76.93,756.37,1.73,277.45,0.00287
7366,32.224,76.337,1571.15,15.29,265.93,-0.004836
7614,31.803,76.757,719.64,11.24,107.53,-0.003896
7628,31.692,76.51,848.56,23.92,358.95,-0.007507
7649,31.324,76.762,576.18,12.89,213.63,-0.010871
7678,32.197,76.319,1119.35,9.53,322.69,0.009923
7676,32.176,76.308,960.41,16.01,279.12,-0.004855
7685,31.776,76.988,988.63,12.61,254.8,-0.004533
7329,32.028,77.345,1737.39,37.94,11.51,0.010608
7726,31.037,77.121,1792.54,18.59,294.56,0.003751
9037,31.682,77.121,1069.9,35.33,89.54,0.003144
9144,31.466,76.869,821.73,36.47,253.44,0.003575
8860,31.512,78.118,1819.91,40.9,164.49,-0.006379
8482,30.892,77.09,1554.58,37.56,5.41,-0.000284
9048,31.501,78.176,1792.41,29.04,120.47,0.013138
9216,30.694,77.427,1666.7,24.69,273.62,0.009189
9264,31.687,77.104,1105.24,51.32,6.96,-0.000584
9852,31.708,76.933,762.89,6.46,299.2,0.009232
9859,31.581,78.413,2224.63,26.54,159.82,-0.007089
9892,31.452,78.401,5894.65,39.31,16.09,-0.013285
9490,31.573,77.856,1742.7,13.0,139.24,-0.011207
9953,31.957,77.11,1221.8,7.4,97.23,-0.006018
9507,30.897,77.059,1695.15,32.79,281.35,0.011892
10860,31.056,77.137,2103.09,31.77,301.67,-0.005945
10859,30.875,77.0,1163.21,22.63,314.26,0.013493
10857,32.007,78.57,3027.41,30.74,77.49,-0.00899
10856,31.773,77.305,1299.54,24.39,357.84,0.001102
10858,31.098,77.152,1976.52,29.43,306.71,7.9e-05
10855,31.764,77.292,1716.52,42.59,235.45,0.001444
10853,32.361,77.234,3766.87,25.9,58.35,-0.001259
10862,32.307,77.602,4114.91,33.88,13.15,0.001265
10854,32.342,77.222,3433.29,33.62,265.93,-0.004088
9707,30.942,76.801,433.7,4.8,259.51,0.001526
9840,31.724,76.937,766.81,17.12,241.47,0.007392
10025,32.764,77.283,4983.12,39.97,344.95,-0.003091
9870,30.866,76.998,1115.84,28.29,9.0,0.000849
9924,32.262,78.069,4320.08,3.04,152.44,-0.000834
9925,32.246,78.066,4114.41,29.88,301.45,0.004507
9927,32.238,78.062,3712.58,23.15,305.67,0.002835
9936,32.306,77.522,4794.98,37.31,25.1,-0.0118
14235,31.914,76.893,1541.95,39.15,338.29,0.006598
12943,31.498,76.875,893.12,30.66,279.13,0.007329
13253,31.102,77.205,2269.92,38.4,121.51,-0.001344
10861,31.103,77.204,2230.87,49.64,141.59,0.012095
13224,31.411,77.603,1287.1,38.06,355.45,0.005053
14164,31.12,77.359,2292.29,13.91,133.8,-0.007886
14113,32.557,76.129,1067.11,38.07,292.03,-0.008657
14179,32.171,76.419,1287.75,21.6,277.85,0.006983
14055,31.343,76.762,562.57,14.12,231.9,-0.005673
14146,31.425,78.26,2570.12,13.44,7.35,-0.003948
14117,32.025,76.167,511.27,25.31,113.89,0.007145
14071,31.055,77.024,1316.74,25.22,221.44,-0.000901
14505,32.061,77.133,1359.78,13.92,125.1,0.012748
14483,31.496,76.234,373.86,0.55,40.01,3.8e-05
14359,32.72,76.099,961.17,37.95,127.97,-0.004656
14326,31.113,77.614,2508.42,24.45,162.51,-0.00174
14325,31.108,77.215,2249.02,25.34,315.37,-0.010357
14392,32.442,76.535,2100.5,20.74,223.93,-0.006257
14386,31.103,77.159,2094.86,25.34,349.44,0.000655
14579,32.227,76.324,1583.17,32.88,17.39,0.0039
13820,32.22,76.311,1212.51,6.93,342.12,0.000952
14549,32.557,76.123,923.06,4.86,127.38,0.000217
14605,31.41,76.433,451.38,40.18,283.63,-0.022271
14282,31.706,76.934,748.78,25.78,104.88,0.002022
14516,31.467,76.263,368.16,0.72,306.93,-0.000768
14598,32.345,76.521,2162.9,29.97,136.59,-0.003199
14569,31.117,77.575,2198.27,25.94,159.43,0.000629
14489,31.111,77.606,2465.46,50.36,276.99,-0.011243
14125,31.689,77.279,1120.92,22.75,124.46,0.004751
14116,31.517,78.269,1933.03,20.94,232.5,0.012565
14079,30.896,77.005,1367.55,27.68,77.41,0.002082
14338,31.708,77.186,968.11,37.74,26.36,-0.002462
14295,32.234,77.189,1834.41,14.31,101.21,0.016204
211,24.967,93.55,586.14,24.99,322.5,-0.005981
220,25.133,93.967,1009.06,1.89,311.76,-0.000461
247,25.06,93.988,1545.43,41.1,189.19,-0.00455
252,25.499,94.119,1942.89,10.89,231.58,0.00199
255,24.245,94.069,1303.65,34.53,64.79,-0.008334
258,24.428,94.056,894.85,18.9,160.65,-0.004059
319,25.438,94.116,1513.83,17.39,343.52,-0.000299
322,24.75,93.433,466.91,39.77,2.29,-0.000928
580,24.66,93.978,772.5,5.47,309.17,0.012337
594,24.934,93.828,1011.5,18.37,101.31,-0.001078
1108,24.993,93.5,1206.7,20.39,119.15,-0.001623
1129,24.863,94.418,924.42,30.6,350.38,-0.00088
1596,24.734,93.916,879.91,19.65,56.44,-0.009439
1954,24.754,93.504,398.06,9.16,193.25,0.009826
2163,25.42,94.105,1420.43,15.6,16.39,-0.017669
2166,24.979,93.503,1313.43,18.83,248.61,0.001626
2164,25.31,94.482,1559.48,27.56,12.23,-0.002523
2182,24.936,93.844,850.16,1.76,51.97,0.002383
2253,25.31,94.483,1524.02,22.7,54.76,0.004283
2283,24.896,93.496,1004.79,23.55,113.54,-0.000485
2304,25.572,94.121,1616.64,2.4,131.44,0.005042
2324,24.803,93.623,1289.74,22.39,122.22,0.000278
2343,25.479,94.133,1754.14,10.8,204.64,-0.005508
2344,24.751,93.422,768.66,13.84,190.33,-0.000713
2436,24.307,93.125,759.3,25.98,178.86,-0.016644
2566,25.477,94.135,1668.75,20.51,75.78,0.005168
2568,24.768,93.411,522.96,14.05,168.02,-0.011214
2569,25.275,94.021,1084.89,12.12,146.61,-0.013821
2570,24.837,93.913,799.07,14.17,16.15,0.003025
2576,25.479,94.14,1647.07,10.97,3.84,-0.00368
2577,25.527,93.867,1348.91,21.87,210.88,0.006359
2578,25.318,94.046,997.19,17.0,271.62,0.00584
3525,25.067,93.409,447.69,20.53,336.09,0.000661
3556,25.156,93.847,1431.61,32.13,10.48,-0.006137
3560,24.829,93.594,763.36,33.84,2.17,-0.001891
3662,25.036,94.014,863.33,28.71,225.57,-0.001806
3738,24.806,93.948,782.71,1.28,88.03,-0.001419
3741,25.419,94.108,1392.19,14.25,158.29,-0.000641
3830,24.353,94.343,265.61,13.17,67.24,0.000187
3831,24.799,93.948,781.63,1.81,308.02,-0.001749
3840,24.687,93.916,771.67,0.11,238.83,-4.4e-05
3860,25.419,94.108,1392.19,14.25,158.29,-0.000641
4241,25.16,93.68,1112.1,15.78,244.03,-0.00238
4403,24.814,93.544,541.65,33.23,50.78,-0.010757
4861,24.993,93.495,1135.1,6.21,295.2,0.005292
5300,25.318,94.044,994.32,16.51,91.4,0.020341
5427,25.383,94.188,1664.65,37.57,283.81,-0.002295
5343,24.763,93.434,677.72,16.88,123.78,0.005948
5430,24.904,93.487,1265.49,39.6,311.93,-0.002814
5431,24.983,93.506,1283.45,33.58,151.76,0.01107
5552,25.099,94.362,1890.85,7.27,197.35,0.00175
5603,25.426,94.602,1326.98,20.5,213.43,0.006571
6945,25.16,93.686,1014.79,40.83,19.25,0.009344
7263,25.448,94.049,1312.29,26.64,256.21,0.002941
7264,25.454,93.983,1795.96,26.3,268.53,-0.006582
7265,25.501,93.985,1452.35,33.17,38.16,-0.003043
7266,25.51,93.879,1638.5,3.93,284.64,-0.00352
7267,25.391,94.093,1305.7,14.1,83.19,-0.001301
7279,24.982,93.514,1252.25,29.47,80.53,0.007101
7364,24.819,94.355,1608.86,28.38,289.06,-0.001349
7372,25.063,94.342,1803.95,30.18,276.82,-0.008766
7369,24.199,94.102,1404.67,26.83,230.0,0.002368
7370,24.142,94.108,1187.2,34.45,319.03,-0.004991
7371,23.994,94.057,989.16,7.63,159.15,-0.012634
7373,24.911,94.476,1824.67,26.45,120.27,-0.005318
7374,25.112,94.359,1838.03,19.66,283.11,-0.001358
7375,25.194,94.448,1726.25,14.89,228.1,0.003157
7383,23.899,94.143,262.19,20.67,39.7,0.005438
7384,23.928,94.091,926.95,12.87,111.4,0.000767
7385,24.004,93.982,1422.75,29.26,66.5,0.002624
7387,24.954,94.216,951.2,20.12,248.08,-0.001835
7388,24.416,94.098,1365.8,27.24,233.91,-0.003716
7389,24.407,94.064,1184.33,27.92,194.3,0.000707
7390,24.427,94.191,1298.96,12.73,250.79,-0.004923
7910,24.348,94.115,1024.64,21.97,187.19,-0.011288
7313,24.108,94.04,1238.52,15.24,45.84,-0.001013
7664,24.746,93.425,766.03,6.29,332.37,0.002961
7665,24.702,93.529,663.32,9.46,176.07,0.000745
7666,25.102,93.373,1144.32,8.19,331.25,-0.001076
8900,25.012,94.314,1393.35,16.15,165.67,-0.003693
9186,25.48,94.138,1707.56,18.79,61.05,0.005187
11150,24.796,93.724,999.6,32.3,128.99,-0.000233
11152,25.083,94.238,1655.87,15.88,39.02,-0.002487
12716,25.144,93.972,1052.66,28.82,253.26,-7.2e-05
9704,25.12,94.364,1855.81,14.7,90.34,0.000114
9875,24.324,93.15,594.18,32.14,201.82,0.004813
9877,24.22,93.203,775.91,30.2,132.54,0.002934
9876,24.304,93.182,832.5,37.4,319.39,0.000256
9931,25.067,93.931,983.27,4.28,32.26,0.002224
9948,24.952,94.203,916.62,6.49,186.72,0.001669
9974,25.498,94.129,1749.77,38.32,54.15,0.003403
11151,25.065,94.274,1122.42,23.55,1.24,0.008276
10968,24.272,93.28,1094.6,24.06,124.58,-0.002196
11149,24.828,93.518,497.79,32.45,292.8,-0.002126
11153,24.835,93.899,934.36,32.4,87.05,0.002145
10967,24.372,93.707,803.49,5.45,143.39,0.006766
12715,25.26,94.019,1085.24,21.66,218.44,0.000642
9701,24.939,93.497,1243.51,35.06,305.31,-0.001764
12712,24.981,94.019,809.45,29.88,172.29,0.004759
12713,25.534,94.133,1734.72,23.56,18.01,-0.00635
11332,24.864,93.622,356.2,30.69,320.35,0.007701
11459,24.988,93.499,1210.93,13.29,312.06,-0.006717
141,25.38,91.88,1302.74,27.69,76.45,0.000609
142,25.521,90.232,576.79,28.02,300.1,-0.00347
212,25.558,91.851,1667.74,8.75,115.07,-0.002371
259,25.52,91.27,1337.43,16.7,106.13,0.002511
1776,25.361,92.285,1216.53,7.19,83.5,0.006625
1857,25.343,92.29,1197.92,3.18,21.99,0.001085
2025,25.573,91.885,1496.52,10.31,231.59,0.002431
2026,25.492,91.27,1491.57,9.13,34.07,0.004291
3927,25.514,90.217,313.01,9.01,180.76,0.003426
4407,25.095,92.357,247.15,24.69,283.78,-0.00598
4408,25.55,92.076,1267.38,26.59,196.63,-0.008455
6291,25.735,90.385,338.06,6.98,283.0,0.001578
6290,25.577,91.867,1477.12,7.67,148.58,-0.000439
6213,25.814,90.576,62.28,3.18,85.57,-0.004267
6214,25.97,91.859,281.32,11.06,82.28,-0.008031
6293,25.501,90.09,44.01,0.33,76.88,-0.000226
6968,25.463,92.212,1381.35,4.78,229.07,-0.006096
6970,25.508,90.219,319.92,27.0,234.33,0.004447
6969,25.511,90.215,307.19,11.94,184.51,0.006795
7335,25.515,90.202,284.44,26.05,246.08,-0.000967
7589,25.257,92.383,807.3,13.01,8.19,-0.010856
7590,25.142,92.381,158.56,16.85,119.7,-0.008428
7706,25.073,92.364,133.08,4.83,60.11,-0.008269
7336,25.219,90.555,280.81,8.85,55.04,-0.008342
7956,26.048,91.87,66.31,4.43,27.45,0.003359
8012,25.97,91.858,285.51,12.65,45.31,-0.000954
8366,25.583,91.893,1446.33,7.71,271.44,0.007104
9124,25.203,90.557,146.28,23.56,236.83,-0.017345
10989,25.518,91.963,1611.12,7.9,93.72,-0.003867
9789,25.907,91.882,580.29,1.63,275.64,-0.005764
10985,25.438,91.799,1875.01,9.46,4.2,0.000323
10987,25.678,91.923,980.03,22.63,22.68,-0.002123
10986,25.829,91.877,604.3,14.94,221.67,-0.001964
10988,25.826,91.871,619.91,18.49,64.07,-0.007119
12719,25.032,92.423,140.47,22.85,27.54,0.005173
13723,25.567,91.906,1541.23,10.03,218.53,-0.004412
13724,25.588,92.023,1251.38,16.52,200.47,-0.000955
13725,25.537,91.981,1635.86,7.44,28.88,-0.005556
147,22.533,92.899,801.84,23.5,286.03,0.012225
148,22.479,92.967,446.79,32.51,66.37,-0.001758
285,24.129,92.692,833.09,17.16,115.74,0.001875
1222,23.735,92.721,958.4,31.16,151.96,0.001508
2205,23.737,92.715,1077.01,45.04,290.08,-0.017976
2420,23.73,92.715,979.22,34.31,234.29,-0.008595
2422,23.742,92.714,924.18,14.63,202.03,0.00055
2423,23.735,92.711,923.36,20.61,100.61,-0.007881
2424,23.591,92.93,802.41,19.55,316.29,-0.002625
2425,23.344,93.075,1315.96,32.94,79.09,-0.000714
2426,22.718,92.842,716.41,17.16,106.89,0.002293
2421,23.754,92.741,997.91,23.68,101.22,-0.019488
2437,23.753,92.694,791.13,29.75,101.39,-0.008302
4610,23.771,92.522,77.23,12.82,265.63,0.001327
4845,24.232,92.676,671.68,7.22,343.24,0.000747
4857,23.728,92.718,1079.61,5.4,17.96,0.004294
6143,23.733,92.746,868.4,20.55,303.77,-0.004512
6963,23.713,92.736,879.8,8.1,191.22,0.002102
7778,23.845,93.051,1068.17,33.94,291.8,0.011255
7780,23.357,92.788,1365.99,11.15,346.01,-0.004264
7836,24.042,92.672,816.99,11.95,102.27,-0.003423
7837,23.727,92.727,846.83,30.45,46.03,-0.009403
7838,23.687,93.017,613.46,32.28,209.97,-0.001411
7972,23.45,92.811,844.8,43.75,119.84,-0.002633
8224,23.731,92.719,1020.5,17.74,115.96,-0.000259
8223,23.735,92.719,1031.06,18.2,176.28,0.007395
9232,23.54,93.378,1569.18,11.71,350.27,-0.001927
10960,23.726,92.718,1074.36,11.28,282.99,-0.005279
10961,24.014,92.674,666.17,31.93,101.2,0.001868
9770,23.739,92.715,1118.5,22.58,267.17,-0.016998
10957,22.908,92.472,174.42,25.63,332.58,-0.007027
9712,23.734,92.747,872.38,15.78,253.22,0.000871
10963,23.335,92.854,924.47,26.25,273.81,0.002848
10962,23.656,93.027,498.13,29.21,354.48,0.002623
9989,23.695,92.876,578.98,11.24,152.61,0.000545
9731,23.833,92.631,412.64,9.31,15.55,-0.001255
11403,23.737,92.752,841.53,31.92,111.51,-0.002551
11530,22.874,92.758,1026.77,9.17,104.81,-0.005031
20598,23.743,92.739,972.55,12.94,209.8,0.00712
215,25.743,93.914,459.7,22.37,212.49,0.016258
313,25.706,94.013,1473.09,14.78,59.27,0.000414
692,25.705,94.04,1041.38,16.27,133.22,-0.007168
731,26.138,94.25,1011.42,17.16,335.52,0.006598
760,25.67,94.107,1449.3,15.36,244.22,0.001564
1986,26.334,94.551,1371.68,18.54,206.7,-0.006993
1996,26.433,94.883,561.19,28.13,213.6,1.5e-05
2042,26.009,94.524,1800.26,22.14,54.79,-0.002955
2043,26.723,95.028,718.03,16.24,337.2,-0.004143
2044,25.888,94.786,1167.1,10.2,172.27,-0.006683
2045,26.236,94.813,1565.92,15.37,139.22,-0.001278
2098,26.722,95.028,698.21,19.62,227.84,0.002966
2106,26.872,94.992,292.27,8.88,22.94,-0.003321
2243,25.702,94.046,1010.02,13.54,116.04,0.007562
2247,26.148,94.842,1513.15,26.52,173.01,-0.004266
2248,26.222,94.915,1761.31,36.24,241.47,-0.004473
2249,26.081,94.803,972.2,42.95,156.71,0.002727
2263,26.275,94.665,1145.88,28.69,233.64,-0.00117
2282,26.198,94.816,1896.84,24.55,215.52,0.002273
2281,25.616,94.116,1621.78,31.89,77.37,0.000876
2415,25.64,94.111,1491.74,24.62,141.07,0.002769
2567,25.663,94.47,1439.27,11.47,289.47,0.00197
2579,25.682,94.108,1449.68,15.79,253.18,0.000373
2587,25.662,94.107,1383.27,13.02,88.84,0.011087
3633,26.319,94.512,1257.28,17.38,316.85,0.008959
3637,25.516,94.234,1637.74,20.12,282.31,0.00244
3663,25.668,94.11,1434.03,15.46,118.85,-0.0024
3683,25.878,94.174,1358.92,23.75,128.33,-0.002253
3760,25.67,94.11,1423.04,19.26,76.1,-0.001722
3916,25.771,93.807,237.25,5.35,153.24,-0.00038
3932,25.83,94.13,1014.58,8.4,143.64,0.000814
4905,26.098,94.703,1687.6,27.88,230.47,0.019768
4906,26.098,94.75,1549.84,8.19,201.1,-0.003213
5005,26.72,95.029,689.4,11.98,19.23,-0.001022
5006,26.115,94.386,353.9,24.42,92.13,-0.00679
5087,25.627,94.114,1563.28,14.1,146.28,0.008823
5084,25.616,94.117,1583.86,18.24,76.48,-0.007797
5107,25.627,94.114,1563.28,14.1,146.28,0.008823
5122,25.766,93.941,828.08,39.89,319.71,-0.003515
5123,25.713,94.089,1425.82,26.47,281.78,-0.000617
5268,26.014,94.516,1715.45,2.16,202.96,0.005185
5269,25.838,94.523,800.22,5.54,20.79,0.001602
5270,26.048,94.462,866.95,29.29,278.6,0.001453
5271,26.284,94.581,729.23,31.46,195.89,0.003823
5272,26.208,94.544,1478.25,7.24,321.35,-0.011503
5273,26.181,94.55,1679.21,35.59,2.9,-0.002925
5274,26.084,94.564,1838.86,20.53,119.93,-0.001441
5275,26.15,94.606,1741.06,27.77,338.97,-0.000725
5312,26.71,94.693,675.97,11.83,287.63,0.003444
5336,26.39,94.944,524.98,12.59,280.24,-0.000722
5337,26.421,94.973,721.41,23.27,355.01,-0.003893
5338,26.873,94.928,129.38,4.87,248.81,0.003186
5421,26.421,94.973,721.41,23.27,355.01,-0.003893
5575,25.827,94.15,1371.28,19.54,189.13,0.000514
6331,25.947,94.628,1405.27,32.62,302.64,0.003419
6990,26.032,94.547,1568.23,41.88,337.17,0.00166
7409,25.72,94.622,1717.44,48.94,347.52,-0.000895
7660,25.624,94.114,1573.87,27.85,113.91,0.011238
7699,26.021,94.522,1582.98,18.75,262.04,0.001564
7701,25.628,94.105,1513.97,6.96,145.95,-0.003526
7727,25.626,94.106,1507.81,14.24,198.45,0.007716
9405,26.722,95.024,712.15,8.06,140.88,-0.006403
9169,26.168,94.244,768.72,17.58,225.69,-0.003624
9142,26.319,94.525,1161.08,6.81,177.67,-0.000907
8901,25.79,94.132,1280.45,12.78,116.6,0.004825
8930,26.17,94.492,1140.19,36.53,220.15,0.003805
9219,26.01,94.528,1717.19,15.39,50.2,0.000278
9251,25.87,94.784,1127.73,19.09,292.31,0.004929
9904,25.661,94.105,1443.28,13.31,51.35,-0.000222
9965,26.325,94.515,1254.97,14.2,201.01,-0.005172
9966,26.092,94.258,1360.65,0.91,334.16,0.005315
11154,25.772,93.935,853.94,34.48,312.74,-0.006031
11156,25.733,93.997,982.56,22.44,127.49,5.8e-05
9742,25.671,94.118,1457.05,16.58,24.2,-0.003431
11161,26.664,94.622,331.89,7.9,294.21,0.005104
10024,25.838,93.946,394.83,15.23,46.79,-0.006614
9982,26.331,94.554,1333.55,14.52,7.88,-0.002805
9983,26.116,94.242,1409.35,27.27,165.3,-0.012398
9984,26.145,94.244,1278.44,28.12,158.43,-0.007933
11155,25.72,94.032,1113.4,21.53,68.2,-0.005498
11159,25.632,94.101,1603.58,27.04,100.78,0.007472
11157,25.731,93.988,1176.2,20.39,111.66,-0.006258
11160,26.263,94.815,1315.49,13.48,129.11,-0.009056
11158,25.691,94.095,1389.18,9.86,280.83,-0.000318
12718,25.555,93.64,693.18,25.75,34.4,-0.004183
12714,25.659,94.099,1517.22,3.62,256.15,-0.00616
11405,26.078,94.721,1512.88,5.35,31.93,0.002039
13841,26.132,94.786,1637.73,31.8,40.67,0.003436
13814,25.673,94.105,1365.09,19.57,236.16,-0.000442
14283,25.769,93.82,269.6,4.01,302.74,-0.001121
14297,25.808,93.79,197.22,2.68,348.66,-0.00169
57,27.446,88.619,1967.99,14.88,5.24,0.006298
78,27.338,88.607,1513.47,22.46,321.84,0.004179
126,27.15,88.38,1095.89,33.77,181.13,0.003969
241,27.201,88.488,382.96,36.0,294.67,0.001441
251,27.167,88.35,1154.12,24.39,276.84,-0.004874
256,27.343,88.624,2095.8,30.39,27.0,-0.012352
260,27.208,88.491,371.43,37.6,247.37,0.005318
269,27.287,88.282,603.05,26.91,241.25,0.001868
755,27.337,88.609,1553.28,17.82,324.74,-0.006083
1061,27.478,88.527,765.6,33.03,338.98,0.003757
1102,27.264,88.137,1284.29,29.43,159.57,0.014795
1111,27.134,88.458,647.34,18.82,325.91,0.00434
1112,27.176,88.529,305.44,11.24,311.63,0.002349
1125,27.375,88.765,3751.0,0.0,0.0,0.0
1168,27.195,88.612,470.84,6.54,331.71,-0.001243
1756,27.322,88.609,1535.02,27.95,249.74,-0.017894
1755,27.334,88.608,1437.78,30.13,287.51,-0.002589
1929,27.354,88.643,2109.2,22.76,99.16,0.003728
2112,27.551,88.648,1471.89,50.63,341.3,0.001267
2113,27.377,88.559,1470.62,26.99,254.71,-0.009928
2296,27.167,88.365,1487.28,24.41,358.08,0.002048
2341,27.232,88.497,360.61,11.17,352.87,0.010407
2345,27.339,88.619,1868.05,25.05,73.01,-0.006368
2392,27.37,88.733,3522.76,5.07,222.52,-0.009445
3619,27.489,88.445,1893.06,39.62,79.59,0.005186
3643,27.288,88.258,1500.43,29.8,65.91,0.006121
3813,27.114,88.466,264.21,32.5,339.03,0.004602
3943,27.139,88.226,893.39,34.11,261.54,0.017803
3944,27.734,88.633,3475.85,25.97,47.77,-0.002166
3997,27.516,88.558,1354.28,21.94,214.94,0.009545
4385,27.717,88.558,2652.95,9.74,68.87,0.0059
4393,27.757,88.632,3882.83,10.44,89.64,0.003302
4394,27.175,88.646,956.46,21.32,284.28,0.003638
4411,27.339,88.607,1527.94,24.18,275.25,0.004604
4556,27.168,88.365,1540.6,19.63,347.2,-0.002498
4569,27.839,88.556,3830.76,14.61,317.87,-0.00042
4571,27.656,88.605,1953.18,7.3,315.39,-0.002397
4908,27.372,88.708,3136.82,42.25,337.0,0.010143
4990,27.377,88.763,3791.56,35.65,346.88,-0.006531
5429,27.343,88.243,1411.31,30.11,266.62,-0.004302
5476,27.374,88.732,3437.31,30.54,346.45,0.005288
5485,27.605,88.646,1629.27,33.15,16.77,0.00816
7031,27.616,88.659,1816.95,40.43,54.37,-0.005906
9215,27.176,88.529,305.44,11.24,311.63,0.002349
9853,27.593,88.492,3251.94,43.12,328.67,-0.012761
9604,27.268,88.289,564.1,56.33,143.91,0.015596
9619,27.17,88.366,1595.83,32.79,222.97,-0.016584
9785,27.543,88.597,1661.18,54.14,28.66,0.002039
11183,27.36,88.652,2242.42,46.4,345.35,-0.001199
11443,27.233,88.593,1302.36,7.31,99.13,0.001803
14501,27.454,88.524,1004.47,28.73,270.79,0.004681
14544,27.716,88.557,2693.99,19.98,110.95,0.002376
14574,27.495,88.536,1276.52,19.41,243.91,0.001191
14511,27.54,88.499,1152.95,45.85,339.39,0.000544
14641,27.331,88.614,1650.15,11.11,253.82,0.003128
14630,27.543,88.63,1351.37,36.86,228.62,-0.006188
1935,23.899,91.76,191.54,20.47,349.61,-0.009624
4848,24.09,91.466,105.72,7.0,145.4,0.00281
6513,23.014,91.717,22.22,5.92,191.64,0.001516
9733,23.865,91.895,125.5,3.68,123.61,-0.000519
9745,24.195,91.829,31.71,0.3,240.17,-0.000319
11357,24.025,91.497,116.26,12.55,174.81,0.010526
11501,23.793,91.531,143.0,10.76,274.93,-0.005154
11502,23.717,91.616,66.88,4.98,39.19,0.02251
14439,29.993,78.33,488.38,8.19,179.52,0.000161
146,30.733,78.439,1443.21,41.67,25.22,0.003204
149,30.557,79.56,1862.01,16.43,246.88,-0.005153
150,30.4,79.349,1345.82,51.75,155.38,-0.008505
173,30.07,78.303,471.32,4.7,281.21,0.000406
237,29.583,80.217,1585.51,6.85,258.7,-0.013276
653,29.33,80.1,1625.87,17.32,126.87,-0.001421
1072,29.589,80.21,1636.15,17.91,113.88,-0.005229
1097,29.409,80.133,1628.06,23.32,175.57,-0.002435
1130,29.704,78.566,426.37,31.45,223.03,0.001526
1521,30.381,78.47,1054.44,20.52,25.6,0.00342
2040,30.638,78.33,907.82,34.44,262.54,-0.0024
2041,30.249,78.885,890.77,33.1,146.38,0.005732
2103,29.986,78.612,1015.74,37.61,13.45,0.003457
2104,29.36,80.126,1372.82,25.25,104.8,0.005979
2105,29.358,79.552,1335.84,2.59,68.01,0.003405
2120,29.61,79.663,1510.96,14.57,282.31,0.001952
2161,30.747,78.452,1154.24,18.42,87.08,0.004286
2162,30.405,79.343,1094.17,17.6,200.48,0.001634
2202,30.407,79.335,1045.34,40.04,355.4,0.001197
2227,30.646,79.531,2040.96,24.68,97.86,0.0039
2228,30.679,78.348,992.93,53.16,14.68,-0.000149
2229,30.515,78.368,853.03,36.91,120.58,0.005986
2241,30.802,78.618,1654.12,44.21,46.33,-0.010504
2257,30.728,79.497,3051.83,19.87,303.88,0.000211
2268,30.013,79.926,1717.97,34.27,141.75,0.001221
2290,30.651,79.026,1983.27,28.46,306.0,0.002773
2291,30.966,78.415,2506.69,50.86,297.51,0.003419
2292,30.818,78.619,1600.64,33.5,102.49,-0.006905
2293,30.722,78.644,3274.87,44.04,326.73,-0.005992
2294,30.385,78.837,2170.86,7.55,183.41,0.000989
2309,30.424,79.672,5067.3,49.82,105.88,-0.012969
2339,30.365,78.064,778.81,4.73,280.36,-0.006475
2378,30.135,78.39,375.07,5.47,44.89,-0.000255
2379,30.285,78.983,656.91,20.85,185.84,0.006125
2380,30.401,79.028,1014.66,16.82,108.31,0.00439
2389,30.5,79.389,2146.49,34.28,234.25,0.007966
2390,30.796,78.623,1880.68,22.68,237.86,0.004191
2391,30.899,78.34,1785.4,42.07,173.07,0.000549
2416,30.733,78.44,1437.46,43.79,1.27,0.004055
2440,30.754,79.5,3151.14,10.47,246.14,0.000141
2443,29.604,79.534,1770.01,25.77,291.16,-0.00011
2444,29.296,79.54,644.41,21.66,126.24,0.001896
2445,30.145,78.601,473.82,40.54,345.02,-0.00259
2455,30.104,78.427,697.69,38.14,39.64,0.002112
2456,30.799,79.436,4149.6,26.91,339.74,-0.018044
2458,30.902,78.776,5236.27,28.35,263.27,-0.003972
2459,29.548,79.321,840.22,24.21,192.8,0.008082
2470,30.433,78.077,1441.0,23.03,268.08,-0.013977
2471,29.791,80.058,1446.81,22.13,246.48,0.0025
2453,29.613,79.494,1705.07,30.79,100.43,0.008899
2454,30.901,79.532,5843.71,45.6,102.95,-0.016862
2476,29.338,79.484,1239.92,28.36,137.59,-0.003056
2478,30.733,78.44,1437.46,43.79,1.27,0.004055
3141,30.475,79.229,2921.26,41.18,9.15,0.001824
3558,30.921,78.328,2360.62,38.51,68.46,0.002259
3559,30.478,78.274,2259.5,32.74,55.41,0.003885
3577,30.532,79.354,2688.4,41.29,142.02,-0.00706
3578,30.241,78.908,800.14,37.32,179.01,-0.000533
3668,29.607,79.93,1713.22,28.59,103.49,0.000857
3669,30.767,78.796,3830.04,30.23,199.44,-0.000293
3670,30.676,79.042,2442.35,48.36,3.65,0.007017
3671,30.815,78.224,1342.88,19.94,221.34,-0.002232
3673,30.242,78.9,637.22,34.03,147.56,-0.001892
3674,30.067,79.019,2176.62,32.61,344.58,0.014774
3678,30.15,78.775,1640.66,27.72,106.96,-0.000963
3737,30.321,78.032,655.0,4.92,346.12,-0.002953
3746,30.651,79.519,2241.42,12.44,98.79,0.001929
3749,30.741,79.493,3088.97,13.93,293.99,0.001275
3750,30.765,78.593,1407.66,1.33,349.73,0.000171
3751,30.733,79.069,3544.05,30.66,279.94,0.008508
3752,31.019,78.413,3256.31,43.8,27.88,0.000398
3757,30.733,78.44,1437.46,43.79,1.27,0.004055
3759,30.506,79.113,1974.57,8.59,49.99,-8.3e-05
3819,30.404,79.332,1087.05,6.58,223.76,-0.002249
3820,30.167,78.112,466.45,1.04,307.15,0.000822
3821,29.733,79.637,1556.95,23.22,352.56,0.000619
3859,30.012,78.197,353.43,2.2,195.16,-0.000953
3899,30.226,78.376,1014.28,29.69,321.86,-0.005896
3900,30.652,79.557,3450.31,6.34,193.72,-0.004533
3905,30.283,78.304,1688.58,39.97,325.68,-0.015457
3913,29.912,78.172,285.58,2.17,343.3,-0.002528
3914,28.867,79.568,205.53,2.3,251.25,-0.002082
4090,29.913,79.353,1018.46,13.76,322.89,0.007487
4240,29.58,80.212,1528.22,7.18,22.94,0.00665
4445,30.128,78.322,422.92,6.41,4.2,0.00505
6310,30.488,78.037,1277.82,30.38,160.84,0.012982
4472,30.736,78.44,1662.54,25.65,25.22,-0.011653
4481,30.659,79.561,3396.37,45.68,238.34,-0.003467
4487,30.618,78.323,881.58,46.18,17.07,0.002086
4551,29.841,79.776,881.12,1.75,299.97,0.000108
4550,30.285,78.983,656.91,20.85,185.84,0.006125
4914,30.739,78.531,1301.52,3.59,180.38,-0.0022
4928,30.462,79.077,1020.84,39.52,273.72,0.005827
4929,30.495,78.388,935.3,30.78,117.75,-0.000309
4930,30.885,78.67,1826.57,31.04,20.22,0.012327
4931,29.799,80.417,769.86,39.35,347.91,0.005484
4924,30.735,79.067,3547.79,2.66,347.7,0.00333
4936,30.695,79.054,2790.67,34.65,25.04,-0.006785
4940,30.307,78.017,624.92,4.8,258.44,0.005684
4943,29.599,79.659,1584.88,12.4,187.56,0.002528
4949,30.38,78.502,886.58,32.13,198.13,0.002083
4966,29.594,79.681,1245.96,9.72,173.89,-0.006319
4978,30.454,78.391,1120.37,17.43,69.99,-0.000622
4974,30.409,79.058,885.47,35.22,221.59,-0.012673
4975,30.252,78.923,700.56,34.55,68.06,0.006153
5022,29.58,80.221,1537.34,14.84,312.29,0.001456
5023,30.071,80.239,2062.42,12.98,120.99,0.003791
5024,30.172,80.858,3218.06,33.84,124.84,-0.005854
5068,30.363,79.214,1646.36,16.91,95.27,0.0106
5086,29.38,79.463,1946.41,14.39,164.98,-0.000794
5088,29.38,79.463,1946.41,14.39,164.98,-0.000794
5129,30.404,79.331,1065.92,32.15,285.72,-0.014132
5130,30.731,78.435,1106.0,33.28,316.79,0.051146
5139,30.072,80.237,2093.43,16.79,114.53,0.000224
5176,30.194,79.194,1697.43,30.29,334.66,-0.018314
5177,30.29,79.151,807.05,7.66,215.87,3.8e-05
5178,30.461,79.477,2463.8,24.82,234.31,0.006893
5179,30.262,79.219,839.85,33.94,320.57,0.003302
5181,30.273,79.233,1050.79,43.28,194.87,-0.011462
5182,30.301,79.363,1032.8,18.48,150.8,0.009099
5183,30.306,79.329,949.57,5.83,168.12,-0.003367
5184,30.906,78.091,1538.77,19.13,62.7,0.003055
5195,30.404,79.328,1012.86,55.45,94.36,0.015151
5196,30.893,78.48,3566.05,31.93,36.43,0.001289
5197,30.82,78.619,1566.53,14.9,83.3,0.011825
5198,30.893,78.48,3566.05,31.93,36.43,0.001289
5199,30.787,78.617,1527.4,31.7,131.24,-0.002957
5208,30.284,79.25,857.78,35.72,251.34,0.00503
5209,30.654,78.337,996.94,37.34,30.2,-0.017807
5215,30.452,78.754,2025.68,19.88,31.56,0.000584
5224,29.996,80.201,2051.63,52.64,351.04,0.014129
5225,30.819,78.615,1760.38,23.77,106.7,-0.002285
5240,30.382,78.095,828.64,23.99,262.94,0.022109
5241,29.595,79.663,1457.83,17.44,42.23,0.00027
5285,29.566,80.366,554.96,9.59,19.1,0.00596
5320,30.601,78.345,1655.19,19.18,287.13,0.002227
5346,31.034,78.725,2507.87,34.37,222.51,0.002198
5347,30.729,78.44,1122.26,5.34,236.02,0.001009
5358,30.664,78.057,876.51,41.48,14.15,0.024693
5359,30.742,78.454,1198.61,20.82,86.68,-0.005517
5360,30.364,79.316,989.07,25.69,299.64,0.00032
5361,31.083,78.066,2212.74,14.54,179.02,0.003732
5365,30.629,78.33,956.97,35.55,57.61,0.010271
5410,29.953,78.151,312.97,15.18,23.0,0.004059
5567,30.6,78.315,909.82,5.91,73.53,0.018141
5608,30.535,79.085,1408.62,21.86,120.94,0.002189
5611,30.535,79.085,1408.62,21.86,120.94,0.002189
6162,30.431,78.08,1485.96,26.63,249.46,0.007507
6167,30.633,78.995,1904.42,13.55,108.02,0.001358
6177,29.159,79.146,231.59,1.15,60.51,-0.002741
6184,29.583,80.218,1562.92,11.81,69.77,0.002859
6510,30.118,78.747,1464.73,11.26,237.6,0.002364
6525,30.994,78.459,3042.3,48.6,31.39,0.007409
6341,30.688,79.048,2665.49,38.58,51.5,0.010308
6928,30.615,79.81,2756.59,47.4,46.91,0.008618
7111,30.563,79.577,1476.77,36.8,268.42,0.016502
7110,30.557,79.554,1882.73,18.59,157.44,0.000564
6947,30.026,78.628,514.69,50.01,280.76,-0.00173
7012,30.684,79.048,2486.18,18.01,1.89,-0.002477
7084,29.393,79.453,1985.93,16.78,20.34,-0.000572
7159,29.391,79.455,1941.53,3.27,283.25,0.004002
7160,30.38,78.486,903.09,40.25,187.29,0.002898
7161,30.241,78.9,716.41,49.82,157.63,-0.009261
7224,30.73,78.438,1120.9,14.2,339.56,0.007842
7227,30.071,80.236,2118.94,10.99,166.63,0.002257
7270,29.586,80.219,1664.93,11.52,126.33,-0.005919
7294,30.453,78.105,2105.28,38.27,1.02,-0.001263
7295,30.452,78.144,2330.3,9.87,22.65,-0.02963
7296,30.416,78.342,2342.46,21.45,279.39,0.001532
7273,30.241,78.901,696.32,42.47,164.38,-0.010316
7297,30.72,79.076,3614.75,37.2,298.59,-0.002339
7391,31.036,78.858,2799.22,51.52,326.53,-0.006694
7308,30.911,78.681,1979.78,38.59,252.22,-0.00756
7309,30.786,78.616,1538.25,28.5,31.48,0.000389
7310,30.909,78.33,1799.58,39.21,88.69,-0.002674
7311,30.649,79.527,2105.33,34.4,151.67,-0.000169
9314,30.306,78.065,653.87,9.67,232.61,0.006126
9318,30.701,77.864,2119.63,34.95,20.76,-0.00781
8032,30.33,79.321,959.17,27.66,335.67,-0.000552
8367,29.8,80.257,1660.87,21.58,145.56,0.001642
9008,30.335,78.511,1482.83,20.47,44.93,-0.000788
9002,30.455,78.097,1952.26,28.66,323.65,0.005058
9017,30.164,78.294,1145.48,46.07,256.43,-0.006979
9020,29.955,78.168,308.67,17.17,14.08,0.006631
9166,30.731,78.436,1149.33,39.64,341.54,-0.000559
9258,30.975,78.438,2522.29,5.78,305.27,0.00022
9449,30.739,79.495,3118.66,2.26,187.11,0.000411
9448,29.587,80.215,1589.44,19.27,159.34,0.002024
9849,30.071,80.237,2112.26,14.81,129.44,-0.003295
9864,29.351,79.451,1562.02,18.14,262.22,0.00354
9915,30.922,78.681,2031.51,37.99,286.01,-0.016246
9912,30.996,78.936,3079.1,36.45,336.79,0.002737
10066,30.597,79.57,1648.99,40.57,62.35,0.008797
9630,29.8521,80.553,894.05,6.58,162.5,0.003598
10068,30.814,78.618,1694.83,14.97,104.6,0.000944
10069,30.615,78.316,905.34,6.51,26.33,-0.005651
10070,31.013,78.884,3032.94,36.04,2.62,0.014146
10073,30.504,79.488,1527.33,25.8,282.3,-0.010516
9802,30.565,79.562,1400.76,15.15,0.86,0.013142
9809,30.733,79.492,3076.37,31.37,79.79,4.3e-05
9706,30.336,79.32,947.99,38.59,297.76,-0.000426
10006,29.889,80.565,1219.8,44.11,67.85,0.001582
10067,30.241,78.898,796.62,45.91,142.07,0.00951
10071,30.413,78.084,1126.61,30.21,342.71,0.000433
10866,29.834,80.269,1349.92,48.23,94.5,-0.006886
10072,30.239,77.956,767.96,7.36,26.33,0.00134
12881,30.739,78.374,1041.75,11.18,1.6,-0.004523
13214,29.42,80.244,420.05,1.62,283.86,-0.001462
12880,30.741,78.527,1280.43,4.46,310.9,-0.006409
11317,30.652,79.52,2164.14,37.45,123.98,0.003957
11513,30.722,78.445,1287.32,31.52,282.52,-0.006648
14102,30.821,78.233,1207.5,2.14,306.98,0.000995
14194,30.04,80.314,1319.44,53.83,292.37,-0.012583
14081,30.917,78.684,2313.58,37.44,288.25,-0.006013
14577,29.384,79.463,1938.0,7.62,284.45,0.008399
14530,29.387,79.461,1938.0,0.0,0.0,0.0
12882,30.359,78.377,1495.77,39.82,22.11,0.001703
13796,30.272,79.45,1711.06,32.27,195.18,-0.001521
14464,30.291,78.487,708.7,23.05,25.41,-0.012915
14572,31.019,78.045,1152.58,13.79,152.7,0.009023
13834,30.517,79.092,1299.95,21.51,189.78,0.000705
