event_id,event_date,latitude,longitude,state,soil_moisture,soil_moisture_anomaly,soil_moisture_rootzone,soil_moisture_rootzone_anomaly,soil_moisture_anomaly_diff
585,2008-06-14,27.1,93.629,Arunachal Pradesh,0.85,1.2112,0.76,0.6435,0.1088
870,2008-10-29,27.4,92.35,Arunachal Pradesh,0.81,0.3488,0.81,0.484,0.0092
1084,2009-08-12,27.7,92.8,Arunachal Pradesh,0.79,-1.1384,0.76,-1.396,-0.0481
1613,2010-04-03,27.9,93.35,Arunachal Pradesh,0.68,0.2815,0.67,0.7029,0.0065
1775,2010-04-21,27.897,96.178,Arunachal Pradesh,0.91,2.4306,0.86,2.52,0.2509
1930,2010-05-31,28.43,95.878,Arunachal Pradesh,0.88,1.4141,0.89,1.5522,0.1044
2405,2010-09-10,28.304,95.411,Arunachal Pradesh,0.97,2.0178,1.0,1.6128,0.0766
2411,2010-09-10,27.001,93.727,Arunachal Pradesh,0.95,1.3497,0.98,1.2565,0.066
2539,2010-10-03,28.309,95.415,Arunachal Pradesh,0.9,0.5765,0.93,0.6341,0.0207
2743,2010-11-22,27.58,91.857,Arunachal Pradesh,0.74,0.5155,0.72,0.658,0.0125
3269,2011-03-22,28.079,96.524,Arunachal Pradesh,0.79,2.1494,0.74,2.3332,0.1795
3776,2011-07-15,27.125,93.715,Arunachal Pradesh,0.88,0.6027,0.86,0.414,0.0377
3789,2011-07-16,27.274,92.906,Arunachal Pradesh,0.88,0.0097,0.91,0.2079,0.0005
3806,2011-07-19,27.103,93.688,Arunachal Pradesh,0.94,1.5079,0.92,1.0283,0.0929
3881,2011-08-05,27.103,93.689,Arunachal Pradesh,0.91,0.859,0.92,0.8145,0.0528
3912,2011-08-12,27.44,92.283,Arunachal Pradesh,0.83,-0.1924,0.82,-0.3874,-0.0081
3925,2011-08-15,27.489,93.015,Arunachal Pradesh,0.92,0.5949,0.94,0.2799,0.0218
4313,2012-04-08,28.466,95.86,Arunachal Pradesh,0.68,-0.6033,0.65,-0.548,-0.0274
4378,2012-06-02,28.825,96.152,Arunachal Pradesh,0.68,-0.2686,0.64,-0.4653,-0.0209
4392,2012-06-06,29.241,95.976,Arunachal Pradesh,0.7,-0.05,0.67,-0.1447,-0.0038
4435,2012-06-25,27.174,95.801,Arunachal Pradesh,0.96,1.4065,0.9,1.0411,0.1326
4436,2012-06-25,26.999,95.499,Arunachal Pradesh,0.96,1.4065,0.9,1.0411,0.1326
4446,2012-07-05,28.999,94.889,Arunachal Pradesh,0.85,0.5101,0.84,0.5135,0.0345
4570,2012-09-19,27.846,95.225,Arunachal Pradesh,0.98,2.1627,1.0,1.5652,0.0752
4757,2013-02-18,28.119,95.165,Arunachal Pradesh,0.66,0.0827,0.62,-0.1956,0.0033
4798,2013-04-07,28.825,96.151,Arunachal Pradesh,0.72,0.8176,0.68,0.5792,0.048
4892,2013-06-01,27.878,94.25,Arunachal Pradesh,0.77,0.1194,0.73,-0.0543,0.011
5250,2013-08-01,27.884,93.052,Arunachal Pradesh,0.89,0.9219,0.92,1.0105,0.0356
5441,2013-09-02,28.611,94.983,Arunachal Pradesh,0.91,0.7202,0.93,0.6919,0.0294
5442,2013-09-02,27.161,93.753,Arunachal Pradesh,0.95,1.3938,0.98,1.3128,0.0656
6015,2014-05-08,27.903,96.174,Arunachal Pradesh,0.73,0.4611,0.62,-0.4537,0.0477
6105,2014-06-27,28.921,95.343,Arunachal Pradesh,0.75,-0.2855,0.7,-0.5637,-0.0233
6200,2014-08-17,27.087,93.609,Arunachal Pradesh,0.91,0.6013,0.93,0.6694,0.0363
6222,2014-10-01,27.125,93.771,Arunachal Pradesh,0.93,1.1009,0.96,1.0722,0.0546
6971,2015-06-09,27.099,93.816,Arunachal Pradesh,0.91,2.1061,0.88,2.3944,0.1884
7214,2015-07-15,27.36,93.039,Arunachal Pradesh,0.91,0.6601,0.93,0.5425,0.0319
7887,2015-08-16,27.884,96.926,Arunachal Pradesh,0.89,0.1077,0.91,0.0052,0.0058
7334,2015-08-18,28.174,94.76,Arunachal Pradesh,0.94,0.8534,0.97,0.7026,0.0326
7655,2016-04-22,27.58,91.857,Arunachal Pradesh,0.78,2.7959,0.74,2.9171,0.1097
9428,2016-04-23,27.552,91.752,Arunachal Pradesh,0.77,2.4813,0.73,2.5803,0.0982
9404,2016-05-01,28.082,96.532,Arunachal Pradesh,0.88,2.0087,0.89,2.5104,0.2071
9168,2016-06-13,27.644,93.871,Arunachal Pradesh,0.88,1.084,0.86,0.8981,0.0863
8237,2016-07-01,27.014,92.635,Arunachal Pradesh,0.8,0.2292,0.76,0.1383,0.0141
9010,2016-07-16,27.303,93.804,Arunachal Pradesh,0.97,1.5832,0.99,1.2069,0.0807
9087,2016-07-19,28.235,94.961,Arunachal Pradesh,0.95,0.907,0.99,0.9223,0.046
9252,2016-07-28,27.575,91.864,Arunachal Pradesh,0.87,1.7652,0.86,1.6148,0.0882
9464,2016-08-05,27.575,91.975,Arunachal Pradesh,0.84,1.1633,0.84,1.2633,0.0531
9869,2016-08-16,26.882,95.4,Arunachal Pradesh,0.93,0.6038,0.95,0.7711,0.0468
11174,2017-04-22,27.68,93.626,Arunachal Pradesh,0.7,0.5872,0.65,0.4119,0.0426
11173,2017-04-23,27.618,93.842,Arunachal Pradesh,0.72,0.8329,0.66,0.5437,0.0605
11171,2017-04-26,27.104,93.612,Arunachal Pradesh,0.75,1.7915,0.66,1.4649,0.156
11175,2017-05-03,27.827,93.624,Arunachal Pradesh,0.75,1.074,0.73,1.2474,0.05
9797,2017-05-24,27.77,93.51,Arunachal Pradesh,0.84,1.6395,0.82,1.6234,0.1076
9743,2017-06-04,27.059,93.542,Arunachal Pradesh,0.82,1.2693,0.8,1.7441,0.1167
9829,2017-06-19,27.07,93.615,Arunachal Pradesh,0.85,1.0433,0.83,1.1858,0.0938
11176,2017-06-20,28.108,94.183,Arunachal Pradesh,0.93,1.366,0.97,1.5416,0.1055
9834,2017-06-21,27.059,93.541,Arunachal Pradesh,0.84,0.8494,0.82,0.9697,0.075
9933,2017-06-30,27.048,93.619,Arunachal Pradesh,0.9,1.3019,0.88,1.203,0.0972
9934,2017-07-01,27.011,92.642,Arunachal Pradesh,0.79,0.1057,0.73,-0.1987,0.0066
9932,2017-07-01,27.106,93.66,Arunachal Pradesh,0.94,1.8258,0.93,1.7157,0.1333
9935,2017-07-01,27.082,93.608,Arunachal Pradesh,0.94,1.8258,0.93,1.7157,0.1333
9993,2017-07-05,27.979,94.263,Arunachal Pradesh,0.97,1.525,1.0,1.338,0.0922
9998,2017-07-05,27.985,94.213,Arunachal Pradesh,0.97,1.525,1.0,1.338,0.0922
11164,2017-07-09,27.107,93.652,Arunachal Pradesh,0.97,2.1188,0.98,2.0109,0.1403
11165,2017-07-09,27.093,93.619,Arunachal Pradesh,0.97,2.1188,0.98,2.0109,0.1403
11166,2017-07-09,27.077,93.598,Arunachal Pradesh,0.97,2.1188,0.98,2.0109,0.1403
11167,2017-07-09,27.116,93.796,Arunachal Pradesh,0.97,2.1188,0.98,2.0109,0.1403
11169,2017-07-09,27.06,93.501,Arunachal Pradesh,0.97,2.1188,0.98,2.0109,0.1403
11170,2017-07-09,27.142,93.665,Arunachal Pradesh,0.97,2.1188,0.98,2.0109,0.1403
11172,2017-07-09,27.084,93.605,Arunachal Pradesh,0.97,2.1188,0.98,2.0109,0.1403
11177,2017-07-11,27.584,91.877,Arunachal Pradesh,0.81,0.9888,0.78,0.8848,0.051
11168,2017-07-11,27.209,93.615,Arunachal Pradesh,0.97,2.1004,0.99,2.0575,0.1362
13263,2017-09-30,27.304,92.408,Arunachal Pradesh,0.85,0.1851,0.85,-0.1159,0.0056
14520,2018-09-14,27.104,93.645,Arunachal Pradesh,0.94,1.1949,0.97,1.1338,0.0581
130,2007-07-19,26.17,91.799,Assam,0.87,0.2057,0.83,-0.164,0.0137
213,2007-08-26,25.295,92.834,Assam,0.8,0.1289,0.77,-0.085,0.0093
264,2007-09-13,26.183,91.8,Assam,0.92,0.7788,0.93,0.6165,0.0313
545,2008-05-20,24.985,92.841,Assam,0.7,-0.1975,0.67,-0.4334,-0.0179
587,2008-06-15,27.23,94.099,Assam,0.79,0.4933,0.77,0.803,0.0472
714,2008-08-14,27.163,94.0,Assam,0.88,0.1501,0.89,0.2164,0.0093
868,2008-10-29,26.333,91.25,Assam,0.7,-0.3813,0.68,-0.2353,-0.0268
869,2008-10-29,27.233,94.117,Assam,0.83,0.2319,0.82,0.2283,0.0138
1109,2009-08-20,25.522,93.165,Assam,0.81,0.2275,0.77,-0.0836,0.016
1127,2009-08-27,25.172,93.123,Assam,0.84,0.0727,0.82,-0.0993,0.0052
1611,2010-04-01,25.155,93.028,Assam,0.86,2.8394,0.73,2.426,0.2517
1770,2010-04-20,26.197,91.763,Assam,0.85,2.0092,0.79,2.1212,0.1814
1771,2010-04-20,26.198,91.767,Assam,0.85,2.0092,0.79,2.1212,0.1814
1934,2010-06-03,24.601,92.381,Assam,0.93,1.3068,0.94,1.5282,0.1668
1961,2010-06-09,25.883,91.2,Assam,0.85,1.641,0.82,1.8354,0.1525
1987,2010-06-15,25.227,93.166,Assam,0.92,1.724,0.89,1.8325,0.1501
1994,2010-06-16,25.063,92.803,Assam,0.97,1.0568,0.99,1.4075,0.0876
2140,2010-07-25,25.048,92.801,Assam,0.94,0.213,0.96,0.4824,0.0131
2573,2010-10-09,25.18,93.008,Assam,0.96,1.7486,0.96,1.8588,0.1416
2574,2010-10-09,25.475,93.148,Assam,0.95,2.1076,0.95,2.1854,0.1729
2575,2010-10-09,25.524,92.991,Assam,0.95,2.1076,0.95,2.1854,0.1729
3532,2011-05-24,25.089,92.855,Assam,0.85,1.3965,0.78,1.0456,0.1252
3672,2011-06-29,25.513,93.361,Assam,0.85,1.409,0.79,0.9515,0.0974
3837,2011-07-24,26.584,93.004,Assam,0.88,0.4479,0.89,0.5257,0.028
3965,2011-09-06,24.808,93.117,Assam,0.94,1.4432,0.92,1.2674,0.11
3983,2011-09-23,26.155,91.735,Assam,0.93,0.9441,0.94,0.7463,0.0404
4377,2012-06-02,26.148,91.736,Assam,0.79,0.4401,0.73,0.1113,0.0357
4382,2012-06-03,25.118,92.857,Assam,0.84,1.1046,0.77,0.6132,0.0959
4383,2012-06-03,25.306,93.127,Assam,0.84,1.8344,0.77,1.4354,0.1342
4384,2012-06-03,25.178,93.012,Assam,0.84,1.1046,0.77,0.6132,0.0959
4424,2012-06-20,26.149,91.735,Assam,0.85,0.568,0.79,0.1808,0.0466
4426,2012-06-22,26.123,91.716,Assam,0.88,0.863,0.83,0.5357,0.0698
4434,2012-06-25,26.105,91.737,Assam,0.98,2.0932,0.93,1.5482,0.1613
4859,2013-05-11,26.177,91.76,Assam,0.88,2.3006,0.84,2.5395,0.1654
4860,2013-05-11,26.102,91.691,Assam,0.88,2.3006,0.84,2.5395,0.1654
4858,2013-05-11,26.166,91.714,Assam,0.88,2.3006,0.84,2.5395,0.1654
5584,2013-10-06,26.167,91.705,Assam,0.98,2.2878,0.98,1.5636,0.0957
5582,2013-10-06,26.131,91.838,Assam,0.98,2.2878,0.98,1.5636,0.0957
6016,2014-05-10,24.867,92.358,Assam,0.89,1.0564,0.82,0.689,0.1034
6106,2014-06-27,26.141,91.765,Assam,0.8,-0.2866,0.77,-0.2823,-0.0217
6107,2014-06-27,26.184,91.79,Assam,0.8,-0.2866,0.77,-0.2823,-0.0217
6110,2014-06-27,26.162,91.77,Assam,0.8,-0.2866,0.77,-0.2823,-0.0217
6112,2014-06-28,26.196,91.765,Assam,0.8,-0.3286,0.76,-0.4361,-0.0243
6282,2014-09-22,26.11,91.775,Assam,0.97,1.8756,0.94,0.7463,0.0804
6283,2014-09-22,26.131,91.755,Assam,0.97,1.8756,0.94,0.7463,0.0804
6284,2014-09-22,26.132,91.834,Assam,0.97,1.8756,0.94,0.7463,0.0804
6285,2014-09-22,26.159,91.818,Assam,0.97,1.8756,0.94,0.7463,0.0804
6286,2014-09-22,26.104,91.708,Assam,0.97,1.8756,0.94,0.7463,0.0804
6287,2014-09-22,26.13,91.706,Assam,0.97,1.8756,0.94,0.7463,0.0804
6288,2014-09-22,26.199,91.8,Assam,0.97,1.8756,0.94,0.7463,0.0804
6289,2014-09-22,26.1,91.685,Assam,0.97,1.8756,0.94,0.7463,0.0804
6292,2014-09-23,25.724,89.903,Assam,0.97,0.9734,0.99,0.9312,0.1198
6775,2015-02-14,26.147,91.647,Assam,0.66,-0.6951,0.63,-0.9457,-0.03
6786,2015-02-20,24.611,92.562,Assam,0.48,0.0955,0.5,0.0971,0.007
7591,2015-03-19,25.032,92.458,Assam,0.6,-0.0137,0.63,-0.4638,-0.0015
7253,2015-07-22,24.798,92.997,Assam,0.94,1.5379,0.93,1.5955,0.1165
7276,2015-07-25,26.106,91.872,Assam,0.91,0.7235,0.91,0.6626,0.0477
7728,2015-08-22,26.103,91.881,Assam,0.91,0.526,0.93,0.6804,0.0222
7923,2015-09-01,26.493,91.721,Assam,0.92,1.5328,0.92,1.6828,0.0825
7933,2015-09-01,26.187,91.674,Assam,0.95,1.5451,0.96,1.2006,0.0593
8339,2015-09-23,26.167,91.704,Assam,0.97,1.8795,0.99,1.6012,0.0804
9334,2016-05-18,24.52,92.726,Assam,0.95,1.8787,0.96,2.2476,0.2546
9335,2016-05-18,24.52,92.724,Assam,0.95,1.8787,0.96,2.2476,0.2546
9336,2016-05-18,24.531,92.512,Assam,0.95,1.8787,0.96,2.2476,0.2546
9338,2016-05-18,24.464,92.494,Assam,0.95,1.8787,0.96,2.2476,0.2546
8222,2016-06-22,26.196,91.783,Assam,0.92,1.3579,0.92,1.5272,0.1098
8684,2016-07-07,25.961,91.368,Assam,0.9,1.5361,0.88,1.4027,0.1212
8995,2016-07-14,26.196,91.807,Assam,0.92,1.0398,0.95,1.3337,0.0687
8996,2016-07-14,26.177,91.77,Assam,0.92,1.0398,0.95,1.3337,0.0687
9051,2016-07-19,26.097,91.874,Assam,0.97,1.6966,0.99,1.676,0.1126
9122,2016-07-20,26.197,91.802,Assam,0.97,1.6802,0.99,1.6585,0.1113
9917,2016-09-01,24.769,92.821,Assam,0.92,1.1789,0.92,1.2658,0.0877
10972,2016-12-15,26.192,91.81,Assam,0.79,0.3566,0.77,0.3894,0.0144
10973,2016-12-15,26.182,91.772,Assam,0.79,0.3566,0.77,0.3894,0.0144
10976,2017-04-04,25.118,92.854,Assam,0.91,3.4222,0.84,4.4993,0.2925
10977,2017-04-04,25.482,93.142,Assam,0.86,3.4122,0.82,4.6846,0.2451
10978,2017-04-04,25.132,93.047,Assam,0.91,3.4222,0.84,4.4993,0.2925
10979,2017-04-04,25.195,93.173,Assam,0.91,3.4222,0.84,4.4993,0.2925
10980,2017-04-04,25.181,93.118,Assam,0.91,3.4222,0.84,4.4993,0.2925
10974,2017-04-05,26.161,91.853,Assam,0.83,2.4793,0.82,3.6922,0.1818
10975,2017-04-30,25.619,92.709,Assam,0.92,2.1497,0.92,2.5101,0.1927
9750,2017-06-04,25.152,92.947,Assam,0.92,2.0262,0.92,2.6837,0.1759
11178,2017-06-19,26.964,92.783,Assam,0.77,0.3682,0.72,0.2686,0.0266
9949,2017-07-03,26.1,91.874,Assam,0.93,1.4349,0.94,1.5187,0.0955
9951,2017-07-03,26.106,91.852,Assam,0.93,1.4349,0.94,1.5187,0.0955
9952,2017-07-03,26.104,91.862,Assam,0.93,1.4349,0.94,1.5187,0.0955
9972,2017-07-03,26.222,91.921,Assam,0.93,1.4349,0.94,1.5187,0.0955
9940,2017-07-03,26.205,91.872,Assam,0.93,1.4349,0.94,1.5187,0.0955
10005,2017-07-06,26.11,91.803,Assam,0.95,1.7506,0.97,1.8344,0.1107
11162,2017-07-09,26.566,93.132,Assam,0.94,1.637,0.96,1.7395,0.1079
10004,2017-07-10,26.145,91.794,Assam,0.96,1.8099,0.98,1.8386,0.1162
10007,2017-07-10,26.19,91.773,Assam,0.96,1.8099,0.98,1.8386,0.1162
11163,2017-07-10,26.951,93.867,Assam,0.97,2.1063,0.99,2.0845,0.1382
14086,2018-12-18,25.196,93.134,Assam,0.85,2.3955,0.71,0.463,0.1709
177,2007-08-12,32.733,77.591,Himachal Pradesh,0.73,0.1279,0.69,-0.1214,0.0107
178,2007-08-12,32.099,76.267,Himachal Pradesh,0.67,-0.3177,0.64,-0.4379,-0.0437
481,2008-03-17,32.286,77.161,Himachal Pradesh,0.61,-0.6957,0.61,-0.5925,-0.0727
568,2008-06-03,31.208,77.193,Himachal Pradesh,0.63,0.9824,0.65,1.0656,0.1745
592,2008-06-18,32.371,77.247,Himachal Pradesh,0.66,0.803,0.63,0.5943,0.0925
697,2008-08-08,31.13,77.09,Himachal Pradesh,0.87,1.7415,0.83,1.8111,0.1816
715,2008-08-14,31.0,77.12,Himachal Pradesh,0.92,2.0385,0.94,2.5425,0.2172
725,2008-08-17,31.1,77.16,Himachal Pradesh,0.91,1.8298,0.94,2.3687,0.2002
796,2008-09-19,30.56,77.3,Himachal Pradesh,0.92,1.3727,0.89,0.9614,0.1244
797,2008-09-19,31.1,77.165,Himachal Pradesh,0.91,1.9607,0.84,1.5019,0.2292
798,2008-09-19,31.587,78.315,Himachal Pradesh,0.76,0.5671,0.69,0.2191,0.052
942,2008-12-21,30.895,77.089,Himachal Pradesh,0.47,1.0562,0.49,1.2569,0.0798
1134,2009-09-03,32.351,77.223,Himachal Pradesh,0.65,-1.1194,0.62,-1.2188,-0.0884
1149,2009-09-10,31.549,76.9,Himachal Pradesh,0.82,0.4289,0.74,-0.2331,0.0392
1153,2009-09-10,31.883,78.617,Himachal Pradesh,0.65,0.4066,0.6,-0.3639,0.0308
1154,2009-09-10,32.404,77.58,Himachal Pradesh,0.72,-0.2704,0.66,-0.8311,-0.02
1157,2009-09-13,31.103,77.163,Himachal Pradesh,0.73,0.2331,0.7,0.1498,0.0254
1962,2010-06-09,31.099,77.172,Himachal Pradesh,0.48,1.3745,0.49,2.0498,0.1809
2046,2010-07-07,32.373,77.25,Himachal Pradesh,0.58,-0.1745,0.55,-0.3871,-0.0188
2047,2010-07-07,32.219,78.072,Himachal Pradesh,0.48,-0.3362,0.46,-0.4441,-0.0456
2048,2010-07-07,32.66,76.853,Himachal Pradesh,0.59,-0.478,0.56,-0.5987,-0.0573
2049,2010-07-07,31.504,77.952,Himachal Pradesh,0.58,-0.1485,0.55,-0.2134,-0.0157
2050,2010-07-07,31.645,78.435,Himachal Pradesh,0.58,-0.1485,0.55,-0.2134,-0.0157
2051,2010-07-07,31.101,77.179,Himachal Pradesh,0.71,1.7459,0.66,1.8585,0.2108
2056,2010-07-11,32.304,77.211,Himachal Pradesh,0.59,-0.1956,0.55,-0.4887,-0.0212
2091,2010-07-17,30.636,77.544,Himachal Pradesh,0.67,0.105,0.64,0.0956,0.0136
2135,2010-07-25,32.207,76.364,Himachal Pradesh,0.76,1.0141,0.72,0.9524,0.1422
2136,2010-07-25,30.904,77.097,Himachal Pradesh,0.73,0.9395,0.69,1.0145,0.1246
2137,2010-07-25,30.559,77.289,Himachal Pradesh,0.78,0.5698,0.74,0.5259,0.0715
2139,2010-07-25,31.105,77.173,Himachal Pradesh,0.73,0.9395,0.69,1.0145,0.1246
2138,2010-07-25,31.093,77.168,Himachal Pradesh,0.73,0.9395,0.69,1.0145,0.1246
2183,2010-07-31,31.066,77.133,Himachal Pradesh,0.85,1.6704,0.77,1.5378,0.2086
2198,2010-08-04,32.757,77.414,Himachal Pradesh,0.63,1.0004,0.59,0.9139,0.093
2215,2010-08-06,32.371,77.247,Himachal Pradesh,0.8,1.0924,0.78,1.0739,0.0977
2234,2010-08-11,31.958,77.11,Himachal Pradesh,0.91,0.9123,0.94,1.2034,0.0796
2242,2010-08-13,30.852,76.991,Himachal Pradesh,0.81,1.0595,0.76,0.922,0.1106
2246,2010-08-14,30.901,77.096,Himachal Pradesh,0.8,0.938,0.77,0.9801,0.0989
2305,2010-08-21,31.53,77.776,Himachal Pradesh,0.94,1.4133,0.95,1.5388,0.0998
2340,2010-08-26,32.703,75.957,Himachal Pradesh,0.92,1.116,0.96,1.2711,0.1319
2397,2010-09-06,32.099,77.15,Himachal Pradesh,0.91,0.8816,0.94,1.064,0.0722
2427,2010-09-14,32.311,77.22,Himachal Pradesh,0.86,1.7012,0.88,1.7879,0.1206
2432,2010-09-15,31.414,77.895,Himachal Pradesh,0.86,1.5463,0.81,1.5915,0.1404
2457,2010-09-19,31.563,77.98,Himachal Pradesh,0.9,2.0742,0.85,2.1066,0.1893
2460,2010-09-19,31.984,77.189,Himachal Pradesh,0.94,2.1581,0.97,2.101,0.1549
2461,2010-09-19,31.458,78.211,Himachal Pradesh,0.9,2.0742,0.85,2.1066,0.1893
2462,2010-09-19,30.909,77.11,Himachal Pradesh,0.9,1.855,0.91,2.0794,0.2147
2463,2010-09-19,31.119,77.509,Himachal Pradesh,1.0,2.1616,1.0,1.7457,0.12
2464,2010-09-19,30.954,77.506,Himachal Pradesh,1.0,2.1616,1.0,1.7457,0.12
2465,2010-09-19,31.416,77.415,Himachal Pradesh,0.98,2.0596,0.99,2.0549,0.1559
2466,2010-09-19,30.874,76.958,Himachal Pradesh,0.9,1.855,0.91,2.0794,0.2147
2467,2010-09-19,30.72,77.17,Himachal Pradesh,0.9,1.884,0.91,2.1151,0.2444
2468,2010-09-19,30.904,77.097,Himachal Pradesh,0.9,1.855,0.91,2.0794,0.2147
2469,2010-09-19,30.901,77.467,Himachal Pradesh,1.0,2.1616,1.0,1.7457,0.12
2475,2010-09-20,31.158,77.716,Himachal Pradesh,0.98,1.8441,1.0,1.7883,0.1028
2479,2010-09-20,31.57,78.284,Himachal Pradesh,0.88,1.8747,0.86,2.231,0.172
2480,2010-09-20,31.944,77.118,Himachal Pradesh,0.92,1.347,0.95,1.5526,0.1076
2477,2010-09-21,31.184,76.991,Himachal Pradesh,0.89,1.8097,0.9,2.04,0.2143
2488,2010-09-22,31.022,77.104,Himachal Pradesh,0.91,1.9961,0.92,2.2337,0.2397
2538,2010-10-03,30.914,76.818,Himachal Pradesh,0.84,1.8155,0.86,2.1929,0.2321
2546,2010-10-04,30.955,77.179,Himachal Pradesh,0.84,1.8615,0.85,2.172,0.238
2596,2010-10-15,31.437,78.236,Himachal Pradesh,0.83,2.0945,0.76,1.7649,0.1952
3146,2011-02-25,32.187,77.177,Himachal Pradesh,0.68,0.5306,0.68,0.4304,0.0583
3174,2011-03-05,32.1,77.159,Himachal Pradesh,0.68,0.517,0.68,0.3702,0.0612
3611,2011-06-14,32.361,77.231,Himachal Pradesh,0.66,0.8098,0.63,0.5799,0.0944
3618,2011-06-17,31.564,77.98,Himachal Pradesh,0.6,0.6976,0.57,0.5101,0.0941
3666,2011-06-29,32.432,77.215,Himachal Pradesh,0.69,0.987,0.66,0.8543,0.1097
3667,2011-06-29,32.228,77.19,Himachal Pradesh,0.74,1.6332,0.68,1.3378,0.1692
3745,2011-07-08,30.921,77.021,Himachal Pradesh,0.58,0.5944,0.56,0.6892,0.0738
3747,2011-07-08,32.324,77.194,Himachal Pradesh,0.68,0.7262,0.66,0.7402,0.0783
3756,2011-07-10,31.71,76.933,Himachal Pradesh,0.73,1.0783,0.67,0.8662,0.1278
3763,2011-07-12,31.106,77.178,Himachal Pradesh,0.57,0.2451,0.57,0.4891,0.0319
3777,2011-07-15,32.349,77.218,Himachal Pradesh,0.73,0.9815,0.68,0.74,0.1051
3839,2011-07-25,32.19,77.187,Himachal Pradesh,0.82,0.5925,0.81,0.6104,0.0654
3884,2011-08-07,31.691,77.132,Himachal Pradesh,0.81,0.5375,0.77,0.4965,0.0529
3890,2011-08-07,31.715,77.022,Himachal Pradesh,0.81,0.5375,0.77,0.4965,0.0529
3894,2011-08-07,31.077,77.392,Himachal Pradesh,0.93,0.724,0.97,1.2875,0.0484
3895,2011-08-07,31.077,77.391,Himachal Pradesh,0.93,0.724,0.97,1.2875,0.0484
3888,2011-08-07,31.24,77.926,Himachal Pradesh,0.9,0.7987,0.9,1.1528,0.063
3889,2011-08-07,31.708,76.932,Himachal Pradesh,0.81,0.5375,0.77,0.4965,0.0529
3917,2011-08-13,31.708,76.931,Himachal Pradesh,0.86,0.9328,0.83,0.9219,0.084
4202,2012-02-16,32.566,76.12,Himachal Pradesh,0.66,0.2475,0.64,0.1061,0.0284
4447,2012-07-05,31.107,77.209,Himachal Pradesh,0.65,-0.9005,0.66,-0.702,-0.0854
4497,2012-08-18,32.228,78.071,Himachal Pradesh,0.69,0.3072,0.58,-0.3442,0.037
4498,2012-08-18,32.18,77.195,Himachal Pradesh,0.83,0.6598,0.75,-0.0307,0.0496
4513,2012-08-24,32.1,76.27,Himachal Pradesh,0.68,-0.3262,0.64,-0.5836,-0.0442
4514,2012-08-24,31.709,76.931,Himachal Pradesh,0.81,0.2579,0.77,0.0434,0.0254
4515,2012-08-24,30.74,77.285,Himachal Pradesh,0.92,0.958,0.95,1.1174,0.0943
4516,2012-08-24,30.904,77.097,Himachal Pradesh,0.73,0.1447,0.68,-0.076,0.0173
4565,2012-09-18,31.023,77.103,Himachal Pradesh,0.82,1.1639,0.8,1.1316,0.1347
4912,2013-06-12,31.49,76.704,Himachal Pradesh,0.57,1.1874,0.49,0.1735,0.1781
4913,2013-06-12,31.488,76.67,Himachal Pradesh,0.57,1.1874,0.49,0.1735,0.1781
4916,2013-06-12,32.211,76.283,Himachal Pradesh,0.54,1.8699,0.43,0.6603,0.2169
4917,2013-06-12,32.555,76.125,Himachal Pradesh,0.59,1.0594,0.53,0.1021,0.1121
4920,2013-06-15,31.517,78.098,Himachal Pradesh,0.69,1.4038,0.6,0.9222,0.1922
4925,2013-06-16,31.455,78.2,Himachal Pradesh,0.84,2.4855,0.68,1.9078,0.3385
4926,2013-06-16,30.674,77.354,Himachal Pradesh,0.94,3.4099,0.77,4.1052,0.5466
4927,2013-06-16,30.573,77.652,Himachal Pradesh,0.94,3.4099,0.77,4.1052,0.5466
4932,2013-06-16,31.348,77.461,Himachal Pradesh,0.96,3.0699,0.79,3.4947,0.4344
4933,2013-06-16,31.599,78.438,Himachal Pradesh,0.86,2.8413,0.82,3.0888,0.2698
4946,2013-06-17,31.622,78.019,Himachal Pradesh,0.88,2.7735,0.76,2.8933,0.3741
5013,2013-07-03,31.072,77.14,Himachal Pradesh,0.62,1.289,0.6,1.5131,0.1514
5043,2013-07-06,31.991,76.791,Himachal Pradesh,0.77,1.1688,0.76,1.3246,0.1239
5044,2013-07-06,31.163,77.724,Himachal Pradesh,0.88,1.5253,0.86,1.9773,0.1446
5049,2013-07-07,31.56,77.168,Himachal Pradesh,0.74,1.4238,0.67,1.1234,0.16
5050,2013-07-07,31.703,76.936,Himachal Pradesh,0.74,1.4238,0.67,1.1234,0.16
5051,2013-07-07,31.702,76.973,Himachal Pradesh,0.74,1.4238,0.67,1.1234,0.16
5052,2013-07-07,31.709,76.93,Himachal Pradesh,0.74,1.4238,0.67,1.1234,0.16
5053,2013-07-07,31.967,76.852,Himachal Pradesh,0.8,1.3861,0.76,1.238,0.148
5054,2013-07-07,31.702,76.942,Himachal Pradesh,0.74,1.4238,0.67,1.1234,0.16
5047,2013-07-07,31.88,76.916,Himachal Pradesh,0.8,1.3861,0.76,1.238,0.148
5097,2013-07-14,31.471,77.675,Himachal Pradesh,0.88,1.76,0.87,2.3238,0.1766
5098,2013-07-14,32.17,77.179,Himachal Pradesh,0.84,1.2324,0.83,1.3572,0.1414
5099,2013-07-14,30.674,77.354,Himachal Pradesh,0.88,1.8749,0.89,2.5249,0.2448
5100,2013-07-14,31.673,76.534,Himachal Pradesh,0.58,0.648,0.59,0.9249,0.0871
5214,2013-07-27,31.893,78.63,Himachal Pradesh,0.73,2.1145,0.73,2.8046,0.1698
5290,2013-08-07,32.232,76.304,Himachal Pradesh,0.87,1.2394,0.87,1.4737,0.176
5334,2013-08-16,32.361,77.304,Himachal Pradesh,0.89,1.9692,0.91,2.15,0.1637
5382,2013-08-21,31.538,77.374,Himachal Pradesh,0.96,1.6964,0.99,2.0113,0.1198
5598,2013-10-11,32.367,77.086,Himachal Pradesh,0.85,1.0724,0.85,0.9194,0.0954
5864,2014-02-12,31.825,77.47,Himachal Pradesh,0.77,1.6114,0.74,1.7802,0.1434
7367,2014-08-08,32.224,76.337,Himachal Pradesh,0.64,-0.4138,0.6,-0.6046,-0.0586
6538,2014-08-21,31.522,78.135,Himachal Pradesh,0.71,-0.2938,0.66,-0.277,-0.0307
6552,2014-08-26,31.559,77.928,Himachal Pradesh,0.66,-0.7863,0.63,-0.6219,-0.082
6337,2014-09-10,31.777,76.983,Himachal Pradesh,0.9,0.8124,0.91,0.7913,0.0654
6247,2014-10-15,31.016,77.099,Himachal Pradesh,0.54,-0.0234,0.54,-0.117,-0.0028
6851,2015-03-10,32.561,76.124,Himachal Pradesh,0.83,1.4307,0.82,1.4885,0.1826
7185,2015-04-03,32.293,77.18,Himachal Pradesh,0.85,1.3464,0.86,1.3879,0.1636
14202,2015-04-16,31.499,78.224,Himachal Pradesh,0.76,1.6732,0.68,1.3263,0.2221
7249,2015-07-13,31.085,77.167,Himachal Pradesh,0.82,2.0988,0.73,2.001,0.276
7215,2015-07-14,32.247,78.037,Himachal Pradesh,0.79,1.7914,0.78,2.0283,0.2453
7226,2015-07-18,32.224,76.323,Himachal Pradesh,0.84,1.8715,0.78,1.7844,0.2621
7285,2015-07-26,31.126,77.353,Himachal Pradesh,0.9,0.7618,0.88,0.7868,0.0674
7286,2015-07-26,31.1,77.175,Himachal Pradesh,0.79,1.3611,0.74,1.4422,0.1798
7287,2015-07-26,32.561,76.121,Himachal Pradesh,0.9,1.4618,0.9,1.6441,0.1925
7288,2015-07-26,31.956,77.114,Himachal Pradesh,0.92,1.46,0.93,1.6794,0.1606
7289,2015-07-26,31.709,76.93,Himachal Pradesh,0.86,1.4097,0.83,1.5954,0.1693
7366,2015-07-31,32.224,76.337,Himachal Pradesh,0.78,0.8669,0.76,0.9756,0.1251
7614,2015-08-08,31.803,76.757,Himachal Pradesh,0.92,1.0658,0.93,1.1776,0.0995
7628,2015-08-09,31.692,76.51,Himachal Pradesh,0.69,0.5032,0.66,0.5097,0.0652
7649,2015-08-11,31.324,76.762,Himachal Pradesh,0.83,0.6399,0.82,0.8866,0.0576
7678,2015-08-12,32.197,76.319,Himachal Pradesh,0.81,0.6999,0.77,0.5299,0.0963
7676,2015-08-12,32.176,76.308,Himachal Pradesh,0.81,0.6999,0.77,0.5299,0.0963
7685,2015-08-13,31.776,76.988,Himachal Pradesh,0.91,0.8842,0.93,1.0519,0.0759
7329,2015-08-18,32.028,77.345,Himachal Pradesh,0.84,0.8217,0.83,0.8356,0.0618
7726,2015-08-22,31.037,77.121,Himachal Pradesh,0.83,1.0091,0.79,0.8878,0.1173
9037,2015-12-07,31.682,77.121,Himachal Pradesh,0.49,0.0921,0.51,-0.2809,0.009
9144,2015-12-29,31.466,76.869,Himachal Pradesh,0.5,0.4316,0.52,0.1577,0.0409
8860,2016-06-17,31.512,78.118,Himachal Pradesh,0.66,1.1182,0.65,1.4901,0.1497
8482,2016-07-02,30.892,77.09,Himachal Pradesh,0.54,0.6079,0.48,0.1362,0.0714
9048,2016-07-17,31.501,78.176,Himachal Pradesh,0.8,1.4365,0.71,1.2644,0.161
9216,2016-07-27,30.694,77.427,Himachal Pradesh,0.79,0.5044,0.74,0.3542,0.0614
9264,2016-08-01,31.687,77.104,Himachal Pradesh,0.79,0.5255,0.72,0.1848,0.0585
9852,2016-08-09,31.708,76.933,Himachal Pradesh,0.79,0.2282,0.75,0.1444,0.0208
9859,2016-08-16,31.581,78.413,Himachal Pradesh,0.86,1.2119,0.81,1.3679,0.126
9892,2016-08-21,31.452,78.401,Himachal Pradesh,0.86,1.1344,0.8,1.1474,0.1185
9490,2016-08-30,31.573,77.856,Himachal Pradesh,0.86,1.1686,0.81,1.2453,0.1196
9953,2016-09-02,31.957,77.11,Himachal Pradesh,0.89,0.6152,0.9,0.6004,0.0516
9507,2016-10-03,30.897,77.059,Himachal Pradesh,0.49,-0.8757,0.51,-0.8081,-0.112
10860,2017-01-06,31.056,77.137,Himachal Pradesh,0.4,0.113,0.37,-0.9823,0.0086
10859,2017-01-26,30.875,77.0,Himachal Pradesh,0.62,2.8637,0.48,0.8625,0.2078
10857,2017-02-21,32.007,78.57,Himachal Pradesh,0.46,-0.8811,0.48,-1.422,-0.0463
10856,2017-03-22,31.773,77.305,Himachal Pradesh,0.65,0.178,0.6,-0.1581,0.0178
10858,2017-04-06,31.098,77.152,Himachal Pradesh,0.48,1.3334,0.46,1.0515,0.1314
10855,2017-04-18,31.764,77.292,Himachal Pradesh,0.7,0.8213,0.68,0.839,0.089
10853,2017-04-23,32.361,77.234,Himachal Pradesh,0.76,1.2029,0.75,1.2608,0.1328
10862,2017-04-30,32.307,77.602,Himachal Pradesh,0.76,1.172,0.75,1.1864,0.1382
10854,2017-05-05,32.342,77.222,Himachal Pradesh,0.76,1.1641,0.75,1.1594,0.1424
9707,2017-06-07,30.942,76.801,Himachal Pradesh,0.53,1.9031,0.43,1.0837,0.2413
9840,2017-06-27,31.724,76.937,Himachal Pradesh,0.6,0.7424,0.56,0.4172,0.0942
10025,2017-06-29,32.764,77.283,Himachal Pradesh,0.68,2.1686,0.64,2.0416,0.221
9870,2017-06-29,30.866,76.998,Himachal Pradesh,0.6,1.2984,0.52,0.8305,0.16
9924,2017-07-02,32.262,78.069,Himachal Pradesh,0.71,2.1231,0.69,2.329,0.2699
9925,2017-07-02,32.246,78.066,Himachal Pradesh,0.8,2.0793,0.8,2.3831,0.286
9927,2017-07-02,32.238,78.062,Himachal Pradesh,0.8,2.0793,0.8,2.3831,0.286
9936,2017-07-03,32.306,77.522,Himachal Pradesh,0.76,1.5814,0.74,1.6543,0.1724
14235,2017-08-14,31.914,76.893,Himachal Pradesh,0.88,0.5231,0.89,0.6146,0.0444
12943,2017-08-22,31.498,76.875,Himachal Pradesh,0.83,0.4652,0.8,0.3612,0.0446
13253,2017-08-22,31.102,77.205,Himachal Pradesh,0.93,0.4281,0.94,0.4783,0.0267
10861,2017-09-02,31.103,77.204,Himachal Pradesh,0.95,0.7959,0.96,0.7225,0.0486
13224,2017-12-10,31.411,77.603,Himachal Pradesh,0.56,-0.8331,0.58,-1.0604,-0.067
14164,2018-08-07,31.12,77.359,Himachal Pradesh,0.94,0.8735,0.93,0.7931,0.0584
14113,2018-08-09,32.557,76.129,Himachal Pradesh,0.92,1.1547,0.96,1.3961,0.1512
14179,2018-08-09,32.171,76.419,Himachal Pradesh,0.86,1.1203,0.87,1.387,0.157
14055,2018-08-11,31.343,76.762,Himachal Pradesh,0.81,0.4176,0.79,0.5499,0.0376
14146,2018-08-13,31.425,78.26,Himachal Pradesh,0.92,1.9041,0.87,2.167,0.193
14117,2018-08-13,32.025,76.167,Himachal Pradesh,0.91,1.4133,0.9,1.465,0.1942
14071,2018-08-14,31.055,77.024,Himachal Pradesh,0.84,1.3174,0.85,1.7464,0.1389
14505,2018-08-18,32.061,77.133,Himachal Pradesh,0.93,1.098,0.95,1.1922,0.0886
14483,2018-08-20,31.496,76.234,Himachal Pradesh,0.8,1.0913,0.77,1.1,0.1545
14359,2018-09-01,32.72,76.099,Himachal Pradesh,0.9,0.9463,0.94,1.1276,0.1117
14326,2018-09-02,31.113,77.614,Himachal Pradesh,0.94,0.632,0.96,0.7225,0.0386
14325,2018-09-03,31.108,77.215,Himachal Pradesh,0.95,0.8107,0.97,0.8692,0.0492
14392,2018-09-03,32.442,76.535,Himachal Pradesh,0.92,1.1333,0.95,1.2177,0.1328
14386,2018-09-11,31.103,77.159,Himachal Pradesh,0.86,1.3843,0.86,1.5494,0.1507
14579,2018-09-14,32.227,76.324,Himachal Pradesh,0.89,1.4097,0.91,1.6652,0.1792
13820,2018-09-22,32.22,76.311,Himachal Pradesh,0.88,1.5433,0.87,1.5845,0.1948
14549,2018-09-23,32.557,76.123,Himachal Pradesh,0.97,1.8417,0.98,1.8453,0.2121
14605,2018-09-25,31.41,76.433,Himachal Pradesh,0.88,2.4155,0.9,3.0786,0.3078
14282,2018-09-26,31.706,76.934,Himachal Pradesh,0.91,1.8357,0.94,2.3214,0.1861
14516,2018-09-26,31.467,76.263,Himachal Pradesh,0.87,2.395,0.88,2.9366,0.3035
14598,2018-09-26,32.345,76.521,Himachal Pradesh,0.95,1.7483,0.99,2.0326,0.2016
14569,2018-09-27,31.117,77.575,Himachal Pradesh,0.94,1.4316,0.97,1.6877,0.0833
14489,2018-09-28,31.111,77.606,Himachal Pradesh,0.93,1.3011,0.97,1.7378,0.0764
14125,2018-10-09,31.689,77.279,Himachal Pradesh,0.85,1.0985,0.84,1.1194,0.0918
14116,2018-10-10,31.517,78.269,Himachal Pradesh,0.89,2.5685,0.9,3.2829,0.2411
14079,2018-10-14,30.896,77.005,Himachal Pradesh,0.8,2.0583,0.79,2.2777,0.2522
14338,2018-11-21,31.708,77.186,Himachal Pradesh,0.72,2.3187,0.71,2.9456,0.2094
14295,2018-11-22,32.234,77.189,Himachal Pradesh,0.81,1.5478,0.79,1.6795,0.1423
211,2007-08-26,24.967,93.55,Manipur,0.73,-0.5031,0.71,-0.545,-0.0451
220,2007-08-31,25.133,93.967,Manipur,0.7,-0.7796,0.7,-0.6338,-0.0729
247,2007-09-08,25.06,93.988,Manipur,0.87,1.0512,0.8,0.5107,0.103
252,2007-09-09,25.499,94.119,Manipur,0.79,0.0818,0.76,-0.0663,0.0087
255,2007-09-10,24.245,94.069,Manipur,0.53,-0.1332,0.54,-0.3815,-0.0143
258,2007-09-11,24.428,94.056,Manipur,0.77,0.2411,0.75,0.0983,0.0268
319,2007-10-19,25.438,94.116,Manipur,0.74,-0.2361,0.7,-0.4909,-0.0259
322,2007-10-21,24.75,93.433,Manipur,0.83,0.3669,0.82,0.3031,0.0308
580,2008-06-09,24.66,93.978,Manipur,0.58,-0.7832,0.58,-0.9118,-0.0813
594,2008-06-19,24.934,93.828,Manipur,0.69,-0.2529,0.66,-0.4051,-0.0238
1108,2009-08-20,24.993,93.5,Manipur,0.78,0.0022,0.74,-0.2121,0.0002
1129,2009-08-30,24.863,94.418,Manipur,0.75,0.1714,0.71,-0.0327,0.0205
1596,2010-03-28,24.734,93.916,Manipur,0.52,0.3644,0.51,-0.3646,0.0425
1954,2010-06-07,24.754,93.504,Manipur,0.84,1.8194,0.8,2.1846,0.16
2163,2010-07-29,25.42,94.105,Manipur,0.92,1.4983,0.89,1.3425,0.1566
2166,2010-07-29,24.979,93.503,Manipur,0.92,1.7397,0.88,1.5853,0.1597
2164,2010-07-30,25.31,94.482,Manipur,0.93,1.5801,0.91,1.5081,0.1664
2182,2010-07-31,24.936,93.844,Manipur,0.92,1.7235,0.9,1.7934,0.1605
2253,2010-08-16,25.31,94.483,Manipur,0.9,1.1017,0.89,1.1083,0.1148
2283,2010-08-19,24.896,93.496,Manipur,0.88,1.1229,0.86,1.1297,0.1013
2304,2010-08-21,25.572,94.121,Manipur,0.9,1.1201,0.9,1.1807,0.1127
2324,2010-08-25,24.803,93.623,Manipur,0.86,0.95,0.85,1.0387,0.0843
2343,2010-08-27,25.479,94.133,Manipur,0.91,1.2375,0.9,1.1819,0.1255
2344,2010-08-27,24.751,93.422,Manipur,0.9,0.9191,0.89,0.8604,0.0652
2436,2010-09-16,24.307,93.125,Manipur,0.86,0.8244,0.85,0.7678,0.0792
2566,2010-10-08,25.477,94.135,Manipur,0.98,1.8579,0.95,1.5793,0.2029
2568,2010-10-08,24.768,93.411,Manipur,0.99,2.1193,0.94,1.5985,0.1709
2569,2010-10-08,25.275,94.021,Manipur,0.96,2.4286,0.88,1.8204,0.2143
2570,2010-10-08,24.837,93.913,Manipur,0.98,2.1475,0.92,1.8006,0.2177
2576,2010-10-09,25.479,94.14,Manipur,0.96,1.6706,0.97,1.752,0.1833
2577,2010-10-09,25.527,93.867,Manipur,0.94,2.1942,0.91,2.1842,0.195
2578,2010-10-09,25.318,94.046,Manipur,0.94,2.1942,0.91,2.1842,0.195
3525,2011-05-22,25.067,93.409,Manipur,0.84,1.3227,0.77,0.9658,0.1197
3556,2011-05-31,25.156,93.847,Manipur,0.84,2.0655,0.76,1.8069,0.1748
3560,2011-05-31,24.829,93.594,Manipur,0.84,2.0655,0.76,1.8069,0.1748
3662,2011-06-28,25.036,94.014,Manipur,0.87,1.543,0.83,1.6629,0.1349
3738,2011-07-06,24.806,93.948,Manipur,0.84,1.1331,0.83,1.4931,0.0922
3741,2011-07-07,25.419,94.108,Manipur,0.84,0.9671,0.82,1.1041,0.087
3830,2011-07-22,24.353,94.343,Manipur,0.89,1.7438,0.89,2.17,0.2142
3831,2011-07-22,24.799,93.948,Manipur,0.9,1.5174,0.9,1.8993,0.1376
3840,2011-07-25,24.687,93.916,Manipur,0.91,1.4701,0.93,1.7885,0.1568
3860,2011-07-29,25.419,94.108,Manipur,0.9,1.3069,0.91,1.5259,0.1366
4241,2012-03-04,25.16,93.68,Manipur,0.56,0.571,0.58,0.3198,0.0464
4403,2012-06-10,24.814,93.544,Manipur,0.7,0.1248,0.67,-0.0054,0.0112
4861,2013-05-12,24.993,93.495,Manipur,0.83,2.2765,0.78,2.7167,0.1947
5300,2013-08-09,25.318,94.044,Manipur,0.82,0.8785,0.81,1.2121,0.0723
5427,2013-08-15,25.383,94.188,Manipur,0.91,1.2027,0.93,1.4675,0.126
5343,2013-08-18,24.763,93.434,Manipur,0.92,1.151,0.93,1.3844,0.0822
5430,2013-09-01,24.904,93.487,Manipur,0.88,1.1521,0.88,1.3684,0.1084
5431,2013-09-01,24.983,93.506,Manipur,0.88,1.1521,0.88,1.3684,0.1084
5552,2013-09-24,25.099,94.362,Manipur,0.89,1.2972,0.92,1.6884,0.1623
5603,2013-10-14,25.426,94.602,Manipur,0.9,1.1425,0.91,1.2699,0.126
6945,2015-06-19,25.16,93.686,Manipur,0.68,-0.3333,0.67,-0.2407,-0.0312
7263,2015-07-22,25.448,94.049,Manipur,0.84,1.3821,0.8,1.4288,0.1044
7264,2015-07-22,25.454,93.983,Manipur,0.84,1.3821,0.8,1.4288,0.1044
7265,2015-07-22,25.501,93.985,Manipur,0.84,1.3821,0.8,1.4288,0.1044
7266,2015-07-22,25.51,93.879,Manipur,0.84,1.3821,0.8,1.4288,0.1044
7267,2015-07-22,25.391,94.093,Manipur,0.9,1.3677,0.87,1.2603,0.1368
7279,2015-07-24,24.982,93.514,Manipur,0.91,1.6242,0.87,1.5069,0.1482
7364,2015-07-31,24.819,94.355,Manipur,0.98,2.1714,0.87,1.486,0.2676
7372,2015-08-01,25.063,94.342,Manipur,0.89,1.428,0.89,1.6408,0.1769
7369,2015-08-01,24.199,94.102,Manipur,0.74,1.7127,0.72,2.3019,0.1901
7370,2015-08-01,24.142,94.108,Manipur,0.74,1.7127,0.72,2.3019,0.1901
7371,2015-08-01,23.994,94.057,Manipur,0.86,1.9581,0.86,2.2811,0.2076
7373,2015-08-01,24.911,94.476,Manipur,0.89,1.428,0.89,1.6408,0.1769
7374,2015-08-01,25.112,94.359,Manipur,0.89,1.428,0.89,1.6408,0.1769
7375,2015-08-01,25.194,94.448,Manipur,0.89,1.428,0.89,1.6408,0.1769
7383,2015-08-01,23.899,94.143,Manipur,0.74,1.7127,0.72,2.3019,0.1901
7384,2015-08-01,23.928,94.091,Manipur,0.74,1.7127,0.72,2.3019,0.1901
7385,2015-08-01,24.004,93.982,Manipur,0.86,1.9581,0.86,2.2811,0.2076
7387,2015-08-01,24.954,94.216,Manipur,0.89,1.428,0.89,1.6408,0.1769
7388,2015-08-01,24.416,94.098,Manipur,0.87,1.5219,0.88,1.9446,0.1985
7389,2015-08-01,24.407,94.064,Manipur,0.87,1.5219,0.88,1.9446,0.1985
7390,2015-08-01,24.427,94.191,Manipur,0.87,1.5219,0.88,1.9446,0.1985
7910,2015-08-01,24.348,94.115,Manipur,0.87,1.5219,0.88,1.9446,0.1985
7313,2015-08-01,24.108,94.04,Manipur,0.86,1.9581,0.86,2.2811,0.2076
7664,2015-08-11,24.746,93.425,Manipur,0.94,1.6076,0.96,1.8408,0.151
7665,2015-08-11,24.702,93.529,Manipur,0.92,1.4689,0.95,1.8353,0.1651
7666,2015-08-11,25.102,93.373,Manipur,0.94,1.4481,0.95,1.6985,0.1078
8900,2016-07-07,25.012,94.314,Manipur,0.85,1.392,0.8,1.3359,0.1475
9186,2016-07-25,25.48,94.138,Manipur,0.93,1.6282,0.9,1.4757,0.1671
11150,2017-03-30,24.796,93.724,Manipur,0.86,3.2094,0.67,2.1919,0.3058
11152,2017-04-06,25.083,94.238,Manipur,0.74,2.2084,0.73,3.6129,0.2116
12716,2017-06-05,25.144,93.972,Manipur,0.8,1.4357,0.79,2.14,0.1251
9704,2017-06-13,25.12,94.364,Manipur,0.8,1.4663,0.76,1.7919,0.1559
9875,2017-06-26,24.324,93.15,Manipur,0.95,1.977,0.96,2.2391,0.2065
9877,2017-06-26,24.22,93.203,Manipur,0.94,2.0421,0.96,2.4422,0.2372
9876,2017-06-27,24.304,93.182,Manipur,0.95,1.9776,0.96,2.2355,0.2036
9931,2017-06-30,25.067,93.931,Manipur,0.9,1.9017,0.86,2.0209,0.1608
9948,2017-07-01,24.952,94.203,Manipur,0.9,2.0272,0.85,2.0939,0.2079
9974,2017-07-04,25.498,94.129,Manipur,0.92,1.9043,0.9,2.1071,0.1698
11151,2017-07-08,25.065,94.274,Manipur,0.94,2.2416,0.92,2.5921,0.2375
10968,2017-07-09,24.272,93.28,Manipur,0.95,1.9399,0.96,2.2026,0.1806
11149,2017-07-09,24.828,93.518,Manipur,0.92,1.9986,0.93,2.7378,0.1684
11153,2017-07-09,24.835,93.899,Manipur,0.92,1.9986,0.93,2.7378,0.1684
10967,2017-07-10,24.372,93.707,Manipur,0.94,1.9669,0.97,2.615,0.1974
12715,2017-08-26,25.26,94.019,Manipur,0.93,2.2386,0.89,2.0862,0.1737
9701,2017-09-21,24.939,93.497,Manipur,0.92,1.479,0.94,1.9677,0.1489
12712,2017-09-29,24.981,94.019,Manipur,0.94,1.7167,0.94,1.9852,0.1692
12713,2017-10-22,25.534,94.133,Manipur,0.97,1.9046,0.98,2.0208,0.2072
11332,2018-05-10,24.864,93.622,Manipur,0.8,1.9871,0.74,2.0866,0.1682
11459,2018-06-03,24.988,93.499,Manipur,0.74,0.8259,0.69,0.5585,0.0706
141,2007-07-26,25.38,91.88,Meghalaya,0.99,1.0648,0.99,0.5819,0.0462
142,2007-07-27,25.521,90.232,Meghalaya,0.94,0.9476,0.97,1.0368,0.1091
212,2007-08-26,25.558,91.851,Meghalaya,0.96,0.3282,0.98,0.2556,0.0095
259,2007-09-11,25.52,91.27,Meghalaya,0.98,1.2898,0.99,0.7927,0.0465
1776,2010-04-21,25.361,92.285,Meghalaya,0.85,1.5897,0.82,1.63,0.148
1857,2010-05-11,25.343,92.29,Meghalaya,0.84,1.1779,0.83,1.3036,0.0918
2025,2010-06-28,25.573,91.885,Meghalaya,0.99,1.1633,1.0,1.0078,0.069
2026,2010-06-28,25.492,91.27,Meghalaya,0.97,1.0073,1.0,1.1038,0.0749
3927,2011-08-16,25.514,90.217,Meghalaya,0.98,1.2136,0.99,1.1046,0.1412
4407,2012-06-13,25.095,92.357,Meghalaya,0.96,0.9738,0.93,0.7984,0.0824
4408,2012-06-13,25.55,92.076,Meghalaya,0.95,0.7963,0.96,0.8156,0.0592
6291,2014-09-21,25.735,90.385,Meghalaya,0.98,1.0271,1.0,0.9195,0.0564
6290,2014-09-23,25.577,91.867,Meghalaya,0.99,1.5259,1.0,0.969,0.0455
6213,2014-09-24,25.814,90.576,Meghalaya,0.92,0.8192,0.96,0.9855,0.0606
6214,2014-10-05,25.97,91.859,Meghalaya,0.88,-0.1204,0.89,-0.0139,-0.005
6293,2014-10-20,25.501,90.09,Meghalaya,0.86,0.3726,0.88,0.4101,0.0478
6968,2015-06-13,25.463,92.212,Meghalaya,0.95,1.5031,0.96,1.5445,0.1276
6970,2015-06-16,25.508,90.219,Meghalaya,0.87,1.0302,0.84,0.924,0.1456
6969,2015-06-16,25.511,90.215,Meghalaya,0.87,1.0302,0.84,0.924,0.1456
7335,2015-08-18,25.515,90.202,Meghalaya,0.89,0.4299,0.9,0.3915,0.05
7589,2015-08-19,25.257,92.383,Meghalaya,0.96,1.0464,0.98,0.9701,0.0578
7590,2015-08-19,25.142,92.381,Meghalaya,0.99,0.964,1.0,0.8918,0.0552
7706,2015-08-19,25.073,92.364,Meghalaya,0.99,0.964,1.0,0.8918,0.0552
7336,2015-08-19,25.219,90.555,Meghalaya,0.92,0.5543,0.93,0.5383,0.0618
7956,2015-09-05,26.048,91.87,Meghalaya,0.95,1.5428,0.97,1.3643,0.0601
8012,2015-09-06,25.97,91.858,Meghalaya,0.94,1.2763,0.97,1.3555,0.0504
8366,2015-09-23,25.583,91.893,Meghalaya,0.99,1.5259,1.0,0.969,0.0455
9124,2016-07-19,25.203,90.557,Meghalaya,0.97,1.0772,0.99,1.1473,0.1216
10989,2017-02-15,25.518,91.963,Meghalaya,0.75,-0.0059,0.74,0.0513,-0.0002
9789,2017-05-26,25.907,91.882,Meghalaya,0.84,1.2026,0.81,1.3401,0.1008
10985,2017-06-17,25.438,91.799,Meghalaya,0.99,1.2707,1.0,1.1798,0.0918
10987,2017-06-17,25.678,91.923,Meghalaya,0.99,1.2707,1.0,1.1798,0.0918
10986,2017-07-07,25.829,91.877,Meghalaya,0.94,1.5781,0.96,1.6907,0.0998
10988,2017-07-09,25.826,91.871,Meghalaya,0.95,1.6752,0.96,1.629,0.1072
12719,2018-04-28,25.032,92.423,Meghalaya,0.79,0.3743,0.78,0.5555,0.0459
13723,2019-07-09,25.567,91.906,Meghalaya,1.0,1.4557,1.0,0.9568,0.0673
13724,2019-07-09,25.588,92.023,Meghalaya,1.0,1.4557,1.0,0.9568,0.0673
13725,2019-07-09,25.537,91.981,Meghalaya,1.0,1.4557,1.0,0.9568,0.0673
147,2007-07-30,22.533,92.899,Mizoram,0.72,-0.0028,0.75,0.1489,-0.0005
148,2007-07-30,22.479,92.967,Mizoram,0.72,-0.0028,0.75,0.1489,-0.0005
285,2007-09-29,24.129,92.692,Mizoram,0.85,0.2582,0.84,0.2906,0.0252
1222,2009-10-05,23.735,92.721,Mizoram,0.9,0.9101,0.87,0.8361,0.0999
2205,2010-08-06,23.737,92.715,Mizoram,0.86,0.4784,0.84,0.5438,0.05
2420,2010-09-13,23.73,92.715,Mizoram,0.86,0.5007,0.82,0.3778,0.0531
2422,2010-09-13,23.742,92.714,Mizoram,0.86,0.5007,0.82,0.3778,0.0531
2423,2010-09-13,23.735,92.711,Mizoram,0.86,0.5007,0.82,0.3778,0.0531
2424,2010-09-13,23.591,92.93,Mizoram,0.75,0.5488,0.74,0.4412,0.0772
2425,2010-09-13,23.344,93.075,Mizoram,0.75,0.5488,0.74,0.4412,0.0772
2426,2010-09-13,22.718,92.842,Mizoram,0.81,0.6042,0.81,0.5272,0.1013
2421,2010-09-13,23.754,92.741,Mizoram,0.88,0.5627,0.86,0.4716,0.0534
2437,2010-09-16,23.753,92.694,Mizoram,0.88,0.5544,0.87,0.5629,0.0535
4610,2012-11-11,23.771,92.522,Mizoram,0.76,0.3686,0.72,0.245,0.0446
4845,2013-05-07,24.232,92.676,Mizoram,0.87,2.1252,0.72,1.4536,0.2787
4857,2013-05-11,23.728,92.718,Mizoram,0.84,2.1635,0.77,2.5428,0.2732
6143,2014-07-14,23.733,92.746,Mizoram,0.84,0.3945,0.8,0.3965,0.0407
6963,2015-06-19,23.713,92.736,Mizoram,0.74,0.0076,0.68,-0.0703,0.001
7778,2015-08-26,23.845,93.051,Mizoram,0.93,1.66,0.94,1.8139,0.1872
7780,2015-08-26,23.357,92.788,Mizoram,0.93,1.0958,0.94,1.2925,0.1161
7836,2015-08-27,24.042,92.672,Mizoram,0.93,1.0421,0.94,1.1669,0.0989
7837,2015-08-27,23.727,92.727,Mizoram,0.93,1.1032,0.93,1.2168,0.1165
7838,2015-08-27,23.687,93.017,Mizoram,0.92,1.6969,0.94,1.904,0.2319
7972,2015-08-28,23.45,92.811,Mizoram,0.93,1.1143,0.93,1.2229,0.1172
8224,2015-09-14,23.731,92.719,Mizoram,0.93,1.161,0.93,1.2806,0.1232
8223,2015-09-14,23.735,92.719,Mizoram,0.93,1.161,0.93,1.2806,0.1232
9232,2016-07-29,23.54,93.378,Mizoram,0.82,1.022,0.81,0.9841,0.1358
10960,2016-09-17,23.726,92.718,Mizoram,0.93,1.1401,0.93,1.277,0.1216
10961,2017-04-25,24.014,92.674,Mizoram,0.92,2.8765,0.91,3.9323,0.3888
9770,2017-06-01,23.739,92.715,Mizoram,0.95,2.0677,0.91,2.54,0.2747
10957,2017-06-09,22.908,92.472,Mizoram,0.94,1.724,0.95,2.2624,0.2578
9712,2017-06-10,23.734,92.747,Mizoram,0.95,1.8392,0.96,2.3655,0.2374
10963,2017-06-12,23.335,92.854,Mizoram,0.95,2.5904,0.9,2.7083,0.3331
10962,2017-06-17,23.656,93.027,Mizoram,0.92,2.1836,0.93,2.7107,0.2878
9989,2017-06-28,23.695,92.876,Mizoram,0.92,2.1102,0.94,2.554,0.2627
9731,2017-08-26,23.833,92.631,Mizoram,0.96,1.3482,0.98,1.5322,0.1284
11403,2018-05-12,23.737,92.752,Mizoram,0.84,2.1587,0.78,2.604,0.2692
11530,2018-06-05,22.874,92.758,Mizoram,0.89,1.489,0.81,1.4556,0.2245
20598,2021-06-12,23.743,92.739,Mizoram,0.79,0.5426,0.68,0.1042,0.0708
215,2007-08-28,25.743,93.914,Nagaland,0.72,-0.454,0.69,-0.5317,-0.0358
313,2007-10-16,25.706,94.013,Nagaland,0.81,0.806,0.73,0.0873,0.0734
692,2008-08-07,25.705,94.04,Nagaland,0.73,-0.1864,0.71,-0.0829,-0.0154
731,2008-08-19,26.138,94.25,Nagaland,0.95,1.283,0.91,0.8348,0.1031
760,2008-08-29,25.67,94.107,Nagaland,0.83,0.4421,0.8,0.2829,0.0452
1986,2010-06-15,26.334,94.551,Nagaland,0.91,2.0553,0.83,1.9847,0.1684
1996,2010-06-18,26.433,94.883,Nagaland,0.9,1.3656,0.89,1.8342,0.1391
2042,2010-07-06,26.009,94.524,Nagaland,0.92,1.5503,0.92,1.858,0.1104
2043,2010-07-06,26.723,95.028,Nagaland,0.93,1.3118,0.93,1.5357,0.1276
2044,2010-07-06,25.888,94.786,Nagaland,0.94,1.3007,0.95,1.4235,0.162
2045,2010-07-06,26.236,94.813,Nagaland,0.94,1.3007,0.95,1.4235,0.162
2098,2010-07-19,26.722,95.028,Nagaland,0.94,1.2703,0.96,1.4878,0.1253
2106,2010-07-20,26.872,94.992,Nagaland,0.93,1.0989,0.95,1.2787,0.0755
2243,2010-08-13,25.702,94.046,Nagaland,0.84,1.0749,0.8,1.002,0.0867
2247,2010-08-14,26.148,94.842,Nagaland,0.95,1.0803,0.97,1.1338,0.1526
2248,2010-08-14,26.222,94.915,Nagaland,0.95,1.0803,0.97,1.1338,0.1526
2249,2010-08-14,26.081,94.803,Nagaland,0.95,1.0803,0.97,1.1338,0.1526
2263,2010-08-17,26.275,94.665,Nagaland,0.93,1.0756,0.94,1.232,0.0795
2282,2010-08-19,26.198,94.816,Nagaland,0.96,1.154,0.98,1.1878,0.1589
2281,2010-08-19,25.616,94.116,Nagaland,0.91,1.2028,0.9,1.1856,0.1229
2415,2010-09-12,25.64,94.111,Nagaland,0.89,1.0164,0.89,1.06,0.1092
2567,2010-10-08,25.663,94.47,Nagaland,0.98,1.8579,0.95,1.5793,0.2029
2579,2010-10-09,25.682,94.108,Nagaland,0.96,1.6706,0.97,1.752,0.1833
2587,2010-10-10,25.662,94.107,Nagaland,0.93,1.3976,0.96,1.6695,0.1535
3633,2011-06-20,26.319,94.512,Nagaland,0.77,0.1525,0.73,0.2872,0.0125
3637,2011-06-21,25.516,94.234,Nagaland,0.82,1.0215,0.78,1.072,0.0946
3663,2011-06-28,25.668,94.11,Nagaland,0.86,1.3446,0.83,1.486,0.1193
3683,2011-07-01,25.878,94.174,Nagaland,0.89,1.2216,0.84,0.9756,0.0885
3760,2011-07-11,25.67,94.11,Nagaland,0.82,0.6654,0.81,0.8707,0.0627
3916,2011-08-13,25.771,93.807,Nagaland,0.86,1.1148,0.84,1.1518,0.077
3932,2011-08-18,25.83,94.13,Nagaland,0.94,1.153,0.96,1.3635,0.0941
4905,2013-06-07,26.098,94.703,Nagaland,0.83,0.9626,0.79,0.9347,0.1131
4906,2013-06-07,26.098,94.75,Nagaland,0.83,0.9626,0.79,0.9347,0.1131
5005,2013-07-01,26.72,95.029,Nagaland,0.87,0.7848,0.83,0.8029,0.0784
5006,2013-07-01,26.115,94.386,Nagaland,0.84,0.5313,0.8,0.4364,0.0385
5087,2013-07-12,25.627,94.114,Nagaland,0.9,1.4919,0.86,1.374,0.1416
5084,2013-07-13,25.616,94.117,Nagaland,0.87,1.1558,0.85,1.2393,0.1104
5107,2013-07-15,25.627,94.114,Nagaland,0.89,1.3477,0.85,1.1935,0.1289
5122,2013-07-17,25.766,93.941,Nagaland,0.8,0.6315,0.78,0.7753,0.0386
5123,2013-07-17,25.713,94.089,Nagaland,0.85,0.9138,0.83,0.9536,0.0886
5268,2013-08-04,26.014,94.516,Nagaland,0.89,0.7207,0.89,0.8302,0.0624
5269,2013-08-04,25.838,94.523,Nagaland,0.89,0.7207,0.89,0.8302,0.0624
5270,2013-08-04,26.048,94.462,Nagaland,0.89,0.7207,0.89,0.8302,0.0624
5271,2013-08-04,26.284,94.581,Nagaland,0.87,0.5231,0.86,0.622,0.0408
5272,2013-08-04,26.208,94.544,Nagaland,0.89,0.7207,0.89,0.8302,0.0624
5273,2013-08-04,26.181,94.55,Nagaland,0.89,0.7207,0.89,0.8302,0.0624
5274,2013-08-04,26.084,94.564,Nagaland,0.89,0.7207,0.89,0.8302,0.0624
5275,2013-08-04,26.15,94.606,Nagaland,0.89,0.7207,0.89,0.8302,0.0624
5312,2013-08-12,26.71,94.693,Nagaland,0.95,1.1266,0.95,1.1065,0.1217
5336,2013-08-16,26.39,94.944,Nagaland,0.96,1.2252,0.96,1.1511,0.1269
5337,2013-08-16,26.421,94.973,Nagaland,0.96,1.2252,0.96,1.1511,0.1269
5338,2013-08-16,26.873,94.928,Nagaland,0.95,1.1813,0.96,1.0841,0.0774
5421,2013-08-30,26.421,94.973,Nagaland,0.94,1.0109,0.97,1.1562,0.1021
5575,2013-10-06,25.827,94.15,Nagaland,0.94,1.2204,0.95,1.2255,0.1016
6331,2014-09-08,25.947,94.628,Nagaland,0.88,0.4141,0.87,0.3666,0.0339
6990,2015-06-24,26.032,94.547,Nagaland,0.9,1.5291,0.86,1.5217,0.1137
7409,2015-08-02,25.72,94.622,Nagaland,0.88,1.0681,0.89,1.2802,0.1141
7660,2015-08-12,25.624,94.114,Nagaland,0.9,1.1193,0.9,1.2262,0.1194
7699,2015-08-19,26.021,94.522,Nagaland,0.94,1.1529,0.95,1.2559,0.0935
7701,2015-08-19,25.628,94.105,Nagaland,0.9,1.1049,0.89,1.0965,0.1129
7727,2015-08-20,25.626,94.106,Nagaland,0.9,1.1083,0.9,1.1819,0.1124
9405,2016-04-19,26.722,95.024,Nagaland,0.81,1.5855,0.76,1.9049,0.1526
9169,2016-06-12,26.168,94.244,Nagaland,0.83,0.8934,0.79,0.9509,0.0664
9142,2016-06-14,26.319,94.525,Nagaland,0.79,0.5907,0.75,0.8029,0.0484
8901,2016-07-10,25.79,94.132,Nagaland,0.91,1.2674,0.89,1.2732,0.095
8930,2016-07-12,26.17,94.492,Nagaland,0.93,1.498,0.9,1.3338,0.1129
9219,2016-07-27,26.01,94.528,Nagaland,0.94,1.4211,0.94,1.448,0.118
9251,2016-07-29,25.87,94.784,Nagaland,0.95,1.1799,0.98,1.3121,0.166
9904,2016-08-25,25.661,94.105,Nagaland,0.88,0.9411,0.87,0.9168,0.0952
9965,2016-09-05,26.325,94.515,Nagaland,0.92,0.8589,0.92,0.8047,0.0604
9966,2016-09-05,26.092,94.258,Nagaland,0.94,1.1501,0.94,1.0976,0.094
11154,2017-04-07,25.772,93.935,Nagaland,0.71,2.1747,0.68,2.8296,0.1244
11156,2017-05-16,25.733,93.997,Nagaland,0.74,1.3535,0.69,1.4256,0.0963
9742,2017-06-02,25.671,94.118,Nagaland,0.83,1.7887,0.79,2.0059,0.1442
11161,2017-06-24,26.664,94.622,Nagaland,0.86,1.1698,0.79,0.9434,0.0904
10024,2017-06-25,25.838,93.946,Nagaland,0.85,1.8359,0.79,1.6512,0.1189
9982,2017-07-02,26.331,94.554,Nagaland,0.92,1.7633,0.88,1.7846,0.1259
9983,2017-07-02,26.116,94.242,Nagaland,0.92,1.6056,0.91,1.8747,0.1167
9984,2017-07-02,26.145,94.244,Nagaland,0.92,1.6056,0.91,1.8747,0.1167
11155,2017-07-08,25.72,94.032,Nagaland,0.9,2.4845,0.85,2.6948,0.1723
11159,2017-07-09,25.632,94.101,Nagaland,0.95,2.0932,0.95,2.4626,0.1944
11157,2017-07-09,25.731,93.988,Nagaland,0.88,2.1405,0.85,2.6236,0.1512
11160,2017-07-10,26.263,94.815,Nagaland,0.98,1.7326,0.98,1.8369,0.1714
11158,2017-07-12,25.691,94.095,Nagaland,0.93,1.8079,0.96,2.4294,0.1716
12718,2017-08-28,25.555,93.64,Nagaland,0.89,1.7032,0.88,1.9256,0.1342
12714,2017-09-30,25.659,94.099,Nagaland,0.96,1.6464,0.98,1.8028,0.1762
11405,2018-05-12,26.078,94.721,Nagaland,0.79,1.0823,0.78,1.3241,0.1171
13841,2018-07-30,26.132,94.786,Nagaland,0.99,1.4642,1.0,1.442,0.206
13814,2018-07-31,25.673,94.105,Nagaland,0.97,1.9437,0.98,2.124,0.206
14283,2018-10-29,25.769,93.82,Nagaland,0.78,0.5204,0.77,0.5314,0.0389
14297,2018-10-31,25.808,93.79,Nagaland,0.78,0.5816,0.77,0.5956,0.0434
57,2007-04-11,27.446,88.619,Sikkim,0.5,-0.3237,0.52,-0.2446,-0.0227
78,2007-05-23,27.338,88.607,Sikkim,0.54,-0.1547,0.57,0.0958,-0.0171
126,2007-07-16,27.15,88.38,Sikkim,0.8,0.0389,0.75,-0.2047,0.0039
241,2007-09-07,27.201,88.488,Sikkim,0.92,0.9937,0.92,0.8711,0.0745
251,2007-09-09,27.167,88.35,Sikkim,0.91,0.801,0.94,0.9659,0.0599
256,2007-09-10,27.343,88.624,Sikkim,0.87,0.5077,0.87,0.5274,0.036
260,2007-09-11,27.208,88.491,Sikkim,0.9,0.7245,0.91,0.7737,0.0564
269,2007-09-18,27.287,88.282,Sikkim,0.91,0.8017,0.94,0.8765,0.0589
755,2008-08-28,27.337,88.609,Sikkim,0.86,0.3721,0.85,0.2961,0.0254
1061,2009-07-01,27.478,88.527,Sikkim,0.67,-0.0366,0.64,-0.2091,-0.0042
1102,2009-08-20,27.264,88.137,Sikkim,0.91,0.8749,0.91,0.6585,0.0627
1111,2009-08-20,27.134,88.458,Sikkim,0.93,1.1622,0.93,1.0241,0.084
1112,2009-08-20,27.176,88.529,Sikkim,0.93,1.1622,0.93,1.0241,0.084
1125,2009-08-26,27.375,88.765,Sikkim,0.86,0.3863,0.85,0.3144,0.0267
1168,2009-09-17,27.195,88.612,Sikkim,0.85,0.1034,0.84,0.0701,0.0084
1756,2010-04-17,27.322,88.609,Sikkim,0.48,-0.5912,0.49,-0.6978,-0.0442
1755,2010-04-17,27.334,88.608,Sikkim,0.48,-0.5912,0.49,-0.6978,-0.0442
1929,2010-06-01,27.354,88.643,Sikkim,0.6,0.2425,0.6,0.2605,0.0287
2112,2010-07-21,27.551,88.648,Sikkim,0.86,0.9741,0.84,0.838,0.0917
2113,2010-07-21,27.377,88.559,Sikkim,0.86,0.9741,0.84,0.838,0.0917
2296,2010-08-20,27.167,88.365,Sikkim,0.92,0.9475,0.96,1.2098,0.0692
2341,2010-08-27,27.232,88.497,Sikkim,0.94,1.289,0.97,1.3896,0.0926
2345,2010-08-27,27.339,88.619,Sikkim,0.91,1.1068,0.93,1.2627,0.0761
2392,2010-09-04,27.37,88.733,Sikkim,0.9,0.9432,0.92,1.1336,0.0649
3619,2011-06-18,27.489,88.445,Sikkim,0.6,-0.05,0.59,-0.1102,-0.0059
3643,2011-06-24,27.288,88.258,Sikkim,0.76,0.8492,0.68,0.3297,0.098
3813,2011-07-20,27.114,88.466,Sikkim,0.88,0.763,0.88,0.8838,0.0746
3943,2011-08-23,27.139,88.226,Sikkim,0.94,1.1999,0.97,1.2833,0.0881
3944,2011-08-25,27.734,88.633,Sikkim,0.91,1.1146,0.92,1.1524,0.0774
3997,2011-09-30,27.516,88.558,Sikkim,0.88,0.8134,0.89,0.9045,0.0624
4385,2012-06-03,27.717,88.558,Sikkim,0.54,-0.2934,0.56,-0.1714,-0.0342
4393,2012-06-07,27.757,88.632,Sikkim,0.5,-0.437,0.52,-0.4787,-0.039
4394,2012-06-07,27.175,88.646,Sikkim,0.51,-0.1468,0.53,0.1199,-0.0183
4411,2012-06-14,27.339,88.607,Sikkim,0.52,-0.6396,0.54,-0.5099,-0.074
4556,2012-09-16,27.168,88.365,Sikkim,0.92,0.9317,0.93,0.8745,0.0737
4569,2012-09-19,27.839,88.556,Sikkim,0.78,0.1126,0.75,-0.1327,0.0091
4571,2012-09-19,27.656,88.605,Sikkim,0.87,0.5454,0.86,0.4316,0.0406
4908,2013-06-08,27.372,88.708,Sikkim,0.67,0.8063,0.65,0.7253,0.0924
4990,2013-06-28,27.377,88.763,Sikkim,0.76,0.8667,0.73,0.7377,0.1022
5429,2013-09-01,27.343,88.243,Sikkim,0.91,0.8116,0.94,0.8896,0.056
5476,2013-09-07,27.374,88.732,Sikkim,0.88,0.6431,0.88,0.6438,0.0449
5485,2013-09-08,27.605,88.646,Sikkim,0.88,0.6455,0.88,0.6435,0.0453
7031,2015-05-24,27.616,88.659,Sikkim,0.59,0.2751,0.6,0.398,0.0307
9215,2016-01-14,27.176,88.529,Sikkim,0.51,0.504,0.52,0.4562,0.0282
9853,2016-08-16,27.593,88.492,Sikkim,0.93,1.4573,0.95,1.5744,0.1074
9604,2016-10-12,27.268,88.289,Sikkim,0.93,1.4289,0.97,1.6316,0.1159
9619,2016-10-15,27.17,88.366,Sikkim,0.91,1.3066,0.94,1.7063,0.1358
9785,2017-05-26,27.543,88.597,Sikkim,0.79,1.9855,0.76,2.0345,0.2268
11183,2017-07-10,27.36,88.652,Sikkim,0.92,1.8717,0.92,1.9412,0.1967
11443,2018-05-26,27.233,88.593,Sikkim,0.77,2.1981,0.7,2.1223,0.275
14501,2018-09-14,27.454,88.524,Sikkim,0.94,1.481,0.97,1.7134,0.1072
14544,2018-09-14,27.716,88.557,Sikkim,0.94,1.481,0.97,1.7134,0.1072
14574,2018-09-14,27.495,88.536,Sikkim,0.94,1.481,0.97,1.7134,0.1072
14511,2018-09-15,27.54,88.499,Sikkim,0.94,1.4844,0.97,1.7102,0.1078
14641,2018-09-15,27.331,88.614,Sikkim,0.94,1.4844,0.97,1.7102,0.1078
14630,2018-09-17,27.543,88.63,Sikkim,0.93,1.3438,0.96,1.5868,0.099
1935,2010-06-03,23.899,91.76,Tripura,0.9,1.1491,0.86,1.2545,0.1517
4848,2013-05-08,24.09,91.466,Tripura,0.76,1.4066,0.64,0.7392,0.2038
6513,2014-08-15,23.014,91.717,Tripura,0.96,0.9357,0.98,0.928,0.0871
9733,2017-06-04,23.865,91.895,Tripura,0.96,1.5785,0.98,2.1379,0.2057
9745,2017-06-04,24.195,91.829,Tripura,0.96,1.5785,0.98,2.1379,0.2057
11357,2018-05-18,24.025,91.497,Tripura,0.94,2.2049,0.96,2.822,0.3327
11501,2018-05-20,23.793,91.531,Tripura,0.93,2.0341,0.95,2.6348,0.3092
11502,2018-05-20,23.717,91.616,Tripura,0.91,2.0752,0.89,2.8667,0.2691
14439,1990-01-29,29.993,78.33,Uttarakhand,0.32,-1.4668,0.38,-1.3293,-0.1193
146,2007-07-30,30.733,78.439,Uttarakhand,0.95,1.2214,0.86,0.7862,0.0986
149,2007-07-30,30.557,79.56,Uttarakhand,0.88,1.3065,0.67,0.3842,0.1172
150,2007-07-30,30.4,79.349,Uttarakhand,0.88,1.3065,0.67,0.3842,0.1172
173,2007-08-11,30.07,78.303,Uttarakhand,0.88,1.0982,0.9,1.3589,0.1191
237,2007-09-06,29.583,80.217,Uttarakhand,0.94,0.9693,0.97,1.3401,0.0744
653,2008-07-18,29.33,80.1,Uttarakhand,0.98,1.4894,0.95,1.8413,0.1872
1072,2009-08-08,29.589,80.21,Uttarakhand,0.78,-0.7326,0.76,-0.7576,-0.0697
1097,2009-08-17,29.409,80.133,Uttarakhand,0.96,1.0328,0.89,0.3697,0.0904
1130,2009-09-01,29.704,78.566,Uttarakhand,0.73,-0.1399,0.7,-0.264,-0.0158
1521,2010-02-23,30.381,78.47,Uttarakhand,0.65,0.2312,0.6,-0.35,0.0232
2040,2010-07-06,30.638,78.33,Uttarakhand,0.77,1.0262,0.63,0.2247,0.1221
2041,2010-07-06,30.249,78.885,Uttarakhand,0.75,0.7297,0.67,0.3613,0.0873
2103,2010-07-20,29.986,78.612,Uttarakhand,0.88,1.0534,0.78,0.499,0.119
2104,2010-07-20,29.36,80.126,Uttarakhand,0.97,1.3759,0.89,1.1619,0.1735
2105,2010-07-20,29.358,79.552,Uttarakhand,0.9,1.455,0.78,0.8693,0.1807
2120,2010-07-22,29.61,79.663,Uttarakhand,0.83,0.8001,0.79,0.8572,0.0995
2161,2010-07-29,30.747,78.452,Uttarakhand,0.9,0.6308,0.81,0.2909,0.0523
2162,2010-07-29,30.405,79.343,Uttarakhand,0.83,0.7657,0.63,-0.0409,0.0698
2202,2010-08-05,30.407,79.335,Uttarakhand,0.84,0.792,0.73,0.8456,0.0638
2227,2010-08-09,30.646,79.531,Uttarakhand,0.86,0.9921,0.74,0.8074,0.0765
2228,2010-08-09,30.679,78.348,Uttarakhand,0.92,1.0322,0.89,0.8814,0.09
2229,2010-08-09,30.515,78.368,Uttarakhand,0.92,1.0322,0.89,0.8814,0.09
2241,2010-08-13,30.802,78.618,Uttarakhand,0.89,1.1057,0.88,1.3082,0.0633
2257,2010-08-16,30.728,79.497,Uttarakhand,0.84,0.6019,0.77,0.86,0.0479
2268,2010-08-18,30.013,79.926,Uttarakhand,0.91,1.294,0.87,1.345,0.1231
2290,2010-08-20,30.651,79.026,Uttarakhand,0.95,1.002,0.96,1.2182,0.0584
2291,2010-08-20,30.966,78.415,Uttarakhand,0.92,0.7705,0.92,0.958,0.0609
2292,2010-08-20,30.818,78.619,Uttarakhand,0.91,1.2423,0.93,1.4539,0.0743
2293,2010-08-20,30.722,78.644,Uttarakhand,0.95,1.002,0.96,1.2182,0.0584
2294,2010-08-20,30.385,78.837,Uttarakhand,0.95,1.002,0.96,1.2182,0.0584
2309,2010-08-22,30.424,79.672,Uttarakhand,0.89,1.1791,0.88,1.6522,0.0931
2339,2010-08-26,30.365,78.064,Uttarakhand,0.96,1.1914,0.98,1.2446,0.1028
2378,2010-09-03,30.135,78.39,Uttarakhand,0.96,1.5571,1.0,1.6813,0.1687
2379,2010-09-03,30.285,78.983,Uttarakhand,0.98,1.5829,1.0,1.6454,0.0945
2380,2010-09-03,30.401,79.028,Uttarakhand,0.98,1.5829,1.0,1.6454,0.0945
2389,2010-09-04,30.5,79.389,Uttarakhand,0.95,1.9696,0.97,2.302,0.1661
2390,2010-09-04,30.796,78.623,Uttarakhand,0.96,1.8608,0.98,1.6822,0.1252
2391,2010-09-04,30.899,78.34,Uttarakhand,0.95,1.2729,0.95,1.3402,0.0962
2416,2010-09-12,30.733,78.44,Uttarakhand,0.97,1.6221,1.0,1.82,0.096
2440,2010-09-17,30.754,79.5,Uttarakhand,0.87,2.5029,0.84,2.2231,0.166
2443,2010-09-18,29.604,79.534,Uttarakhand,0.98,2.0501,0.99,2.2294,0.1749
2444,2010-09-18,29.296,79.54,Uttarakhand,0.98,2.0501,0.99,2.2294,0.1749
2445,2010-09-18,30.145,78.601,Uttarakhand,0.98,2.0082,1.0,1.9226,0.1261
2455,2010-09-19,30.104,78.427,Uttarakhand,0.99,2.1283,1.0,1.9634,0.2255
2456,2010-09-19,30.799,79.436,Uttarakhand,0.9,2.9724,0.85,2.349,0.1972
2458,2010-09-19,30.902,78.776,Uttarakhand,0.98,2.2301,0.98,1.8055,0.1554
2459,2010-09-19,29.548,79.321,Uttarakhand,0.99,2.156,1.0,2.3403,0.1875
2470,2010-09-19,30.433,78.077,Uttarakhand,0.99,2.1629,1.0,1.9207,0.1537
2471,2010-09-19,29.791,80.058,Uttarakhand,0.97,2.246,0.99,2.7029,0.228
2453,2010-09-19,29.613,79.494,Uttarakhand,0.99,2.156,1.0,2.3403,0.1875
2454,2010-09-19,30.901,79.532,Uttarakhand,0.9,2.9724,0.85,2.349,0.1972
2476,2010-09-20,29.338,79.484,Uttarakhand,0.98,2.0362,0.99,2.2424,0.1807
2478,2010-09-20,30.733,78.44,Uttarakhand,0.98,2.0836,1.0,2.0857,0.121
3141,2011-02-23,30.475,79.229,Uttarakhand,0.68,1.2837,0.61,1.9078,0.1376
3558,2011-05-31,30.921,78.328,Uttarakhand,0.66,1.3753,0.62,1.2271,0.2238
3559,2011-05-31,30.478,78.274,Uttarakhand,0.59,1.6054,0.55,1.6057,0.2225
3577,2011-06-07,30.532,79.354,Uttarakhand,0.64,1.3273,0.57,1.3618,0.191
3578,2011-06-07,30.241,78.908,Uttarakhand,0.56,1.0866,0.57,1.4997,0.1713
3668,2011-06-29,29.607,79.93,Uttarakhand,0.9,1.7899,0.76,1.3169,0.2462
3669,2011-06-29,30.767,78.796,Uttarakhand,0.83,1.6278,0.7,1.3656,0.1752
3670,2011-06-29,30.676,79.042,Uttarakhand,0.88,1.6357,0.76,1.6794,0.2077
3671,2011-06-29,30.815,78.224,Uttarakhand,0.8,1.2552,0.72,1.1966,0.1565
3673,2011-06-29,30.242,78.9,Uttarakhand,0.79,1.4707,0.71,1.3755,0.1922
3674,2011-06-29,30.067,79.019,Uttarakhand,0.79,1.4707,0.71,1.3755,0.1922
3678,2011-06-30,30.15,78.775,Uttarakhand,0.87,2.0566,0.75,1.736,0.261
3737,2011-07-06,30.321,78.032,Uttarakhand,0.88,1.9509,0.75,1.6276,0.2321
3746,2011-07-08,30.651,79.519,Uttarakhand,0.8,1.1771,0.68,1.6158,0.1308
3749,2011-07-09,30.741,79.493,Uttarakhand,0.81,1.2091,0.67,1.41,0.1348
3750,2011-07-09,30.765,78.593,Uttarakhand,0.84,1.3204,0.74,1.4533,0.1266
3751,2011-07-09,30.733,79.069,Uttarakhand,0.81,1.2091,0.67,1.41,0.1348
3752,2011-07-09,31.019,78.413,Uttarakhand,0.82,1.0774,0.77,1.2229,0.1065
3757,2011-07-10,30.733,78.44,Uttarakhand,0.92,1.5031,0.83,1.6306,0.1612
3759,2011-07-11,30.506,79.113,Uttarakhand,0.81,1.0862,0.69,1.5764,0.1215
3819,2011-07-21,30.404,79.332,Uttarakhand,0.84,1.0406,0.76,1.8972,0.1062
3820,2011-07-21,30.167,78.112,Uttarakhand,0.83,1.3613,0.82,1.798,0.182
3821,2011-07-21,29.733,79.637,Uttarakhand,0.89,1.3223,0.87,1.6711,0.1648
3859,2011-07-29,30.012,78.197,Uttarakhand,0.87,1.3609,0.89,1.8467,0.1708
3899,2011-08-08,30.226,78.376,Uttarakhand,0.87,1.0756,0.9,1.4627,0.1203
3900,2011-08-08,30.652,79.557,Uttarakhand,0.85,0.8766,0.83,1.7809,0.0683
3905,2011-08-10,30.283,78.304,Uttarakhand,0.9,0.777,0.92,1.1348,0.0671
3913,2011-08-12,29.912,78.172,Uttarakhand,0.87,0.9772,0.89,1.2425,0.1058
3914,2011-08-12,28.867,79.568,Uttarakhand,0.83,0.96,0.76,0.9358,0.1231
4090,2011-12-10,29.913,79.353,Uttarakhand,0.64,0.8454,0.64,0.7847,0.0915
4240,2012-03-04,29.58,80.212,Uttarakhand,0.58,0.217,0.61,-0.4281,0.0348
4445,2012-07-05,30.128,78.322,Uttarakhand,0.42,-0.8468,0.46,-0.4516,-0.1125
6310,2012-08-06,30.488,78.037,Uttarakhand,0.81,-0.1494,0.8,0.097,-0.0135
4472,2012-08-14,30.736,78.44,Uttarakhand,0.93,0.7308,0.89,0.5239,0.0428
4481,2012-08-17,30.659,79.561,Uttarakhand,0.86,0.8215,0.73,0.4357,0.0656
4487,2012-08-17,30.618,78.323,Uttarakhand,0.92,0.802,0.89,0.5552,0.07
4551,2012-09-14,29.841,79.776,Uttarakhand,0.86,1.1199,0.81,0.93,0.1091
4550,2012-09-14,30.285,78.983,Uttarakhand,0.97,1.7491,0.99,1.7875,0.1013
4914,2013-06-13,30.739,78.531,Uttarakhand,0.82,1.6899,0.66,1.4722,0.3113
4928,2013-06-16,30.462,79.077,Uttarakhand,0.93,2.8143,0.69,3.1348,0.4296
4929,2013-06-16,30.495,78.388,Uttarakhand,0.96,2.9393,0.77,3.9658,0.4995
4930,2013-06-16,30.885,78.67,Uttarakhand,0.93,2.6672,0.81,3.7316,0.3586
4931,2013-06-16,29.799,80.417,Uttarakhand,0.62,1.2871,0.54,0.6309,0.1816
4924,2013-06-17,30.735,79.067,Uttarakhand,0.91,2.6617,0.75,4.1525,0.4015
4936,2013-06-17,30.695,79.054,Uttarakhand,0.94,2.2192,0.86,4.5701,0.3938
4940,2013-06-17,30.307,78.017,Uttarakhand,0.93,2.7365,0.85,5.0869,0.4597
4943,2013-06-17,29.599,79.659,Uttarakhand,0.9,2.9908,0.78,4.4004,0.4624
4949,2013-06-18,30.38,78.502,Uttarakhand,0.87,1.7757,0.85,4.1921,0.3118
4966,2013-06-19,29.594,79.681,Uttarakhand,0.78,2.0935,0.75,3.5669,0.3223
4978,2013-06-24,30.454,78.391,Uttarakhand,0.88,2.2067,0.8,3.2682,0.3421
4974,2013-06-24,30.409,79.058,Uttarakhand,0.91,1.8495,0.84,3.1374,0.2898
4975,2013-06-25,30.252,78.923,Uttarakhand,0.94,2.0737,0.89,3.7866,0.3114
5022,2013-07-04,29.58,80.221,Uttarakhand,0.86,1.2635,0.85,1.9844,0.1627
5023,2013-07-04,30.071,80.239,Uttarakhand,0.83,1.6492,0.8,2.6003,0.2081
5024,2013-07-04,30.172,80.858,Uttarakhand,0.74,1.6144,0.7,1.9528,0.2126
5068,2013-07-10,30.363,79.214,Uttarakhand,0.86,1.5928,0.83,3.7085,0.1781
5086,2013-07-12,29.38,79.463,Uttarakhand,0.89,1.7327,0.89,2.5105,0.224
5088,2013-07-12,29.38,79.463,Uttarakhand,0.89,1.7327,0.89,2.5105,0.224
5129,2013-07-18,30.404,79.331,Uttarakhand,0.89,1.6047,0.88,3.6447,0.1674
5130,2013-07-18,30.731,78.435,Uttarakhand,0.91,1.5884,0.92,2.4193,0.1831
5139,2013-07-19,30.072,80.237,Uttarakhand,0.91,1.6121,0.91,2.679,0.1966
5176,2013-07-23,30.194,79.194,Uttarakhand,0.96,1.2092,0.99,2.0448,0.1238
5177,2013-07-23,30.29,79.151,Uttarakhand,0.9,1.6009,0.93,3.8917,0.1591
5178,2013-07-24,30.461,79.477,Uttarakhand,0.92,1.7763,0.92,3.6821,0.1751
5179,2013-07-24,30.262,79.219,Uttarakhand,0.92,1.7763,0.92,3.6821,0.1751
5181,2013-07-24,30.273,79.233,Uttarakhand,0.92,1.7763,0.92,3.6821,0.1751
5182,2013-07-24,30.301,79.363,Uttarakhand,0.92,1.7763,0.92,3.6821,0.1751
5183,2013-07-24,30.306,79.329,Uttarakhand,0.92,1.7763,0.92,3.6821,0.1751
5184,2013-07-24,30.906,78.091,Uttarakhand,0.94,1.6429,0.93,2.1394,0.1564
5195,2013-07-25,30.404,79.328,Uttarakhand,0.91,1.6628,0.93,3.7049,0.1615
5196,2013-07-25,30.893,78.48,Uttarakhand,0.94,1.924,0.98,3.316,0.1634
5197,2013-07-25,30.82,78.619,Uttarakhand,0.94,1.924,0.98,3.316,0.1634
5198,2013-07-25,30.893,78.48,Uttarakhand,0.94,1.924,0.98,3.316,0.1634
5199,2013-07-25,30.787,78.617,Uttarakhand,0.94,1.924,0.98,3.316,0.1634
5208,2013-07-26,30.284,79.25,Uttarakhand,0.9,1.5523,0.92,3.5016,0.1485
5209,2013-07-26,30.654,78.337,Uttarakhand,0.91,1.3121,0.94,2.0593,0.1402
5215,2013-07-27,30.452,78.754,Uttarakhand,0.94,1.1568,0.98,2.2184,0.1008
5224,2013-07-28,29.996,80.201,Uttarakhand,0.93,1.5987,0.94,2.4879,0.186
5225,2013-07-28,30.819,78.615,Uttarakhand,0.93,1.792,0.97,3.028,0.1432
5240,2013-07-31,30.382,78.095,Uttarakhand,0.95,1.551,0.96,1.9633,0.1556
5241,2013-07-31,29.595,79.663,Uttarakhand,0.94,1.4885,0.95,1.9879,0.1699
5285,2013-08-05,29.566,80.366,Uttarakhand,0.9,1.68,0.92,2.1038,0.2249
5320,2013-08-13,30.601,78.345,Uttarakhand,0.97,1.5162,0.99,1.6936,0.1306
5346,2013-08-17,31.034,78.725,Uttarakhand,0.96,2.1859,0.98,2.0215,0.128
5347,2013-08-17,30.729,78.44,Uttarakhand,0.98,1.5648,1.0,1.7629,0.0908
5358,2013-08-18,30.664,78.057,Uttarakhand,0.96,1.2603,0.99,1.5002,0.11
5359,2013-08-18,30.742,78.454,Uttarakhand,0.96,1.2068,1.0,1.7365,0.0698
5360,2013-08-18,30.364,79.316,Uttarakhand,0.93,1.6987,0.97,2.6043,0.1356
5361,2013-08-18,31.083,78.066,Uttarakhand,0.94,1.0626,0.95,1.3441,0.0835
5365,2013-08-20,30.629,78.33,Uttarakhand,0.96,1.2165,0.99,1.4364,0.1066
5410,2013-08-28,29.953,78.151,Uttarakhand,0.91,1.0735,0.96,1.365,0.1178
5567,2013-09-30,30.6,78.315,Uttarakhand,0.88,0.9704,0.88,0.969,0.0784
5608,2013-10-16,30.535,79.085,Uttarakhand,0.83,1.5813,0.8,1.9516,0.185
5611,2013-10-18,30.535,79.085,Uttarakhand,0.83,1.6099,0.79,1.9382,0.1914
6162,2014-07-19,30.431,78.08,Uttarakhand,0.79,0.5119,0.66,-0.246,0.0586
6167,2014-07-20,30.633,78.995,Uttarakhand,0.84,0.3091,0.75,0.107,0.0304
6177,2014-07-24,29.159,79.146,Uttarakhand,0.6,-0.2398,0.57,-0.1629,-0.0357
6184,2014-07-28,29.583,80.218,Uttarakhand,0.96,1.1523,0.89,0.8061,0.1374
6510,2014-08-15,30.118,78.747,Uttarakhand,0.95,1.1367,0.9,0.5246,0.0842
6525,2014-08-18,30.994,78.459,Uttarakhand,0.87,0.6209,0.87,1.0103,0.0366
6341,2014-09-11,30.688,79.048,Uttarakhand,0.88,0.0768,0.84,-0.1165,0.0046
6928,2015-03-31,30.615,79.81,Uttarakhand,0.73,1.9405,0.61,1.7803,0.2044
7111,2015-04-28,30.563,79.577,Uttarakhand,0.61,1.4352,0.58,1.7328,0.164
7110,2015-04-30,30.557,79.554,Uttarakhand,0.59,1.2394,0.57,1.4367,0.1432
6947,2015-06-21,30.026,78.628,Uttarakhand,0.53,0.0996,0.51,-0.5684,0.0164
7012,2015-06-25,30.684,79.048,Uttarakhand,0.74,0.7418,0.61,-0.1581,0.1114
7084,2015-07-06,29.393,79.453,Uttarakhand,0.82,1.6513,0.7,1.1062,0.203
7159,2015-07-10,29.391,79.455,Uttarakhand,0.85,1.586,0.74,1.1859,0.2004
7160,2015-07-11,30.38,78.486,Uttarakhand,0.93,1.5343,0.78,0.9656,0.1643
7161,2015-07-11,30.241,78.9,Uttarakhand,0.92,1.7951,0.79,1.196,0.217
7224,2015-07-19,30.73,78.438,Uttarakhand,0.86,0.553,0.8,0.6971,0.0548
7227,2015-07-19,30.071,80.236,Uttarakhand,0.78,0.5461,0.71,0.4905,0.0666
7270,2015-07-24,29.586,80.219,Uttarakhand,0.91,0.779,0.86,0.6514,0.0982
7294,2015-07-24,30.453,78.105,Uttarakhand,0.82,0.5544,0.8,0.8453,0.0608
7295,2015-07-24,30.452,78.144,Uttarakhand,0.82,0.5544,0.8,0.8453,0.0608
7296,2015-07-24,30.416,78.342,Uttarakhand,0.82,0.5544,0.8,0.8453,0.0608
7273,2015-07-26,30.241,78.901,Uttarakhand,0.86,0.6236,0.84,0.7309,0.0654
7297,2015-07-28,30.72,79.076,Uttarakhand,0.8,0.4637,0.66,0.3401,0.0429
7391,2015-08-01,31.036,78.858,Uttarakhand,0.85,0.6933,0.75,0.5551,0.0503
7308,2015-08-15,30.911,78.681,Uttarakhand,0.85,0.3556,0.78,0.3112,0.0206
7309,2015-08-15,30.786,78.616,Uttarakhand,0.85,0.3556,0.78,0.3112,0.0206
7310,2015-08-15,30.909,78.33,Uttarakhand,0.93,1.0013,0.93,1.2151,0.0778
7311,2015-08-15,30.649,79.527,Uttarakhand,0.82,0.3628,0.66,-0.1443,0.0288
9314,2016-05-22,30.306,78.065,Uttarakhand,0.36,-0.0146,0.49,-0.3242,-0.0017
9318,2016-05-23,30.701,77.864,Uttarakhand,0.39,0.2373,0.49,-0.32,0.0286
8032,2016-06-29,30.33,79.321,Uttarakhand,0.52,-0.7921,0.51,-0.6143,-0.0941
8367,2016-07-01,29.8,80.257,Uttarakhand,0.63,0.1655,0.56,-0.4229,0.021
9008,2016-07-16,30.335,78.511,Uttarakhand,0.87,0.7194,0.68,-0.5068,0.073
9002,2016-07-16,30.455,78.097,Uttarakhand,0.87,1.2782,0.66,-0.1394,0.1488
9017,2016-07-17,30.164,78.294,Uttarakhand,0.75,0.9045,0.58,-0.0507,0.1222
9020,2016-07-17,29.955,78.168,Uttarakhand,0.75,0.9045,0.58,-0.0507,0.1222
9166,2016-07-18,30.731,78.436,Uttarakhand,0.83,0.8614,0.74,0.5517,0.0986
9258,2016-07-31,30.975,78.438,Uttarakhand,0.82,0.2799,0.71,0.1456,0.0203
9449,2016-08-04,30.739,79.495,Uttarakhand,0.79,0.1717,0.67,0.1953,0.0138
9448,2016-08-06,29.587,80.215,Uttarakhand,0.94,0.9568,0.91,0.7773,0.0936
9849,2016-08-11,30.071,80.237,Uttarakhand,0.84,0.6452,0.78,0.5403,0.0636
9864,2016-08-16,29.351,79.451,Uttarakhand,0.87,0.5317,0.84,0.4875,0.0484
9915,2016-08-28,30.922,78.681,Uttarakhand,0.82,-0.2713,0.74,-0.2941,-0.0174
9912,2016-08-29,30.996,78.936,Uttarakhand,0.82,-0.2672,0.73,-0.3829,-0.0172
10066,2016-09-11,30.597,79.57,Uttarakhand,0.66,-1.1857,0.58,-0.7839,-0.1079
9630,2016-10-04,29.8521,80.553,Uttarakhand,0.58,-0.1337,0.56,-0.2581,-0.0174
10068,2017-04-06,30.814,78.618,Uttarakhand,0.69,0.6297,0.58,-0.0592,0.0662
10069,2017-04-06,30.615,78.316,Uttarakhand,0.64,1.5117,0.57,0.7728,0.173
10070,2017-04-06,31.013,78.884,Uttarakhand,0.69,0.6297,0.58,-0.0592,0.0662
10073,2017-04-06,30.504,79.488,Uttarakhand,0.66,1.4242,0.52,0.076,0.171
9802,2017-05-20,30.565,79.562,Uttarakhand,0.6,1.504,0.52,0.4283,0.1697
9809,2017-05-20,30.733,79.492,Uttarakhand,0.6,1.504,0.52,0.4283,0.1697
9706,2017-06-06,30.336,79.32,Uttarakhand,0.6,1.0873,0.52,0.3178,0.1551
10006,2017-07-05,29.889,80.565,Uttarakhand,0.66,0.9594,0.57,0.482,0.127
10067,2017-07-07,30.241,78.898,Uttarakhand,0.8,1.0895,0.72,0.8135,0.1299
10071,2017-07-11,30.413,78.084,Uttarakhand,0.82,1.1234,0.71,0.7675,0.1351
10866,2017-07-11,29.834,80.269,Uttarakhand,0.86,1.4572,0.74,1.2896,0.1914
10072,2017-07-13,30.239,77.956,Uttarakhand,0.66,0.5075,0.61,0.5088,0.0703
12881,2017-09-03,30.739,78.374,Uttarakhand,0.91,0.6517,0.93,0.7782,0.0548
13214,2017-12-14,29.42,80.244,Uttarakhand,0.63,0.4953,0.65,0.3154,0.0568
12880,2018-04-27,30.741,78.527,Uttarakhand,0.45,-0.1251,0.56,-0.3913,-0.0164
11317,2018-05-08,30.652,79.52,Uttarakhand,0.56,0.9789,0.5,-0.1304,0.1124
11513,2018-06-01,30.722,78.445,Uttarakhand,0.42,-0.056,0.55,-0.5579,-0.0091
14102,2018-08-09,30.821,78.233,Uttarakhand,0.93,1.1521,0.91,1.1976,0.0879
14194,2018-08-10,30.04,80.314,Uttarakhand,0.72,0.5641,0.66,0.406,0.0706
14081,2018-08-11,30.917,78.684,Uttarakhand,0.8,-0.4253,0.7,-0.3176,-0.024
14577,2018-08-18,29.384,79.463,Uttarakhand,0.85,0.2868,0.83,0.3499,0.0259
14530,2018-08-25,29.387,79.461,Uttarakhand,0.92,1.0375,0.89,0.877,0.0893
12882,2018-08-29,30.359,78.377,Uttarakhand,0.94,0.9619,0.96,1.0435,0.0831
13796,2018-08-30,30.272,79.45,Uttarakhand,0.8,0.0953,0.66,-0.2717,0.0076
14464,2018-09-03,30.291,78.487,Uttarakhand,0.91,0.4108,0.88,0.2333,0.0245
14572,2018-09-13,31.019,78.045,Uttarakhand,0.94,1.4771,0.95,1.6438,0.098
13834,2018-12-21,30.517,79.092,Uttarakhand,0.44,-0.2931,0.5,-0.4039,-0.0398
